fase,nome_fase,capitulo,titulo,alunos_na_fase,alunos_alcancaram,alunos_alcancaram_prox,alunos_perdidos,taxa_queda,alunos_com_eventos,eventos_total,esforco_mediana_eventos,quiz_entregues,pct_html,pct_pdf,fase_em_andamento,esforco_relativo,indice_atrito
1,Fase 1 - Pensando Aplicação Mobile,1,Cap 1 - Vamos conhecer novos recursos de engenharia de software?,165,150,148.0,2.0,0.0133,90,435,2.0,0,0.721,0.279,False,0.4,0.0053
1,Fase 1 - Pensando Aplicação Mobile,2,Cap 2 - Sistemas Operacionais,165,148,144.0,4.0,0.027,144,3355,8.0,148,0.879,0.121,False,1.6,0.0432
1,Fase 1 - Pensando Aplicação Mobile,3,Cap 3 - Processos de tomada de decisão,165,144,142.0,2.0,0.0139,137,1014,6.0,172,0.81,0.19,False,1.2,0.0167
1,Fase 1 - Pensando Aplicação Mobile,4,Cap 4 - A casa do Android,165,142,140.0,2.0,0.0141,138,1162,5.0,160,0.822,0.178,False,1.0,0.0141
1,Fase 1 - Pensando Aplicação Mobile,5,Cap 5 - Layouts e componentes básicos no Jetpack,165,140,138.0,2.0,0.0143,133,1263,6.0,162,0.807,0.193,False,1.2,0.0171
1,Fase 1 - Pensando Aplicação Mobile,6,Cap 6 - Hadoop,165,138,136.0,2.0,0.0145,132,1037,5.0,144,0.661,0.339,False,1.0,0.0145
1,Fase 1 - Pensando Aplicação Mobile,7,Cap 7 - NoSQL e MongoDB,165,136,135.0,1.0,0.0074,131,883,5.0,146,0.858,0.142,False,1.0,0.0074
1,Fase 1 - Pensando Aplicação Mobile,8,Cap 8 - Introdução à CyberSecurity,165,135,133.0,2.0,0.0148,131,853,5.0,154,0.849,0.151,False,1.0,0.0148
1,Fase 1 - Pensando Aplicação Mobile,9,Cap 9 - CyberSecurity vs. Information Security,165,133,132.0,1.0,0.0075,129,791,5.0,150,0.86,0.14,False,1.0,0.0075
1,Fase 1 - Pensando Aplicação Mobile,10,Cap 10 - Servlets,165,132,,,,132,1236,5.0,147,0.901,0.099,False,1.0,0.0
2,Fase 2 - Serviços São Fundamentais,1,"Cap 1 - Nova fase, novos conhecimentos!",163,150,146.0,4.0,0.0267,118,316,2.0,0,0.848,0.152,False,0.471,0.0125
2,Fase 2 - Serviços São Fundamentais,2,"Cap 2 - Linux, o grande astro",163,146,143.0,3.0,0.0205,142,1119,4.5,165,0.88,0.12,False,1.059,0.0218
2,Fase 2 - Serviços São Fundamentais,3,Cap 3 - Linhas de comando básico,163,143,141.0,2.0,0.014,136,1192,5.0,154,0.868,0.132,False,1.176,0.0165
2,Fase 2 - Serviços São Fundamentais,4,Cap 4 - Administração de sistema e editor de texto,163,141,141.0,0.0,0.0,132,2489,4.0,140,0.949,0.051,False,0.941,0.0
2,Fase 2 - Serviços São Fundamentais,5,Cap 5 - JavaServer Pages,163,141,137.0,4.0,0.0284,137,1253,5.0,166,0.884,0.116,False,1.176,0.0334
2,Fase 2 - Serviços São Fundamentais,6,Cap 6 - Biblioteca JSP,163,137,137.0,0.0,0.0,131,897,4.0,139,0.829,0.171,False,0.941,0.0
2,Fase 2 - Serviços São Fundamentais,7,Cap 7 - Cards e Imagens,163,137,137.0,0.0,0.0,130,820,4.0,138,0.66,0.34,False,0.941,0.0
2,Fase 2 - Serviços São Fundamentais,8,Cap 8 - Navegação e Fluxo,163,137,135.0,2.0,0.0146,130,800,5.0,172,0.796,0.204,False,1.176,0.0172
2,Fase 2 - Serviços São Fundamentais,9,Cap 9 - Ambiente .NET,163,135,133.0,2.0,0.0148,128,1878,4.0,133,0.828,0.172,False,0.941,0.0139
2,Fase 2 - Serviços São Fundamentais,10,Cap 10 - Cloud Computing & Data Science aplicações na Nuvem,163,133,129.0,4.0,0.0301,128,2328,4.0,129,0.855,0.145,False,0.941,0.0283
2,Fase 2 - Serviços São Fundamentais,11,Cap 11 - Cloud Computing & Data Science Azure,163,129,123.0,6.0,0.0465,128,1500,5.0,170,0.856,0.144,False,1.176,0.0547
2,Fase 2 - Serviços São Fundamentais,12,Cap 12 - Introdução ao Direito Digital. Documentos e provas eletrônicas,163,123,,,,123,847,5.0,168,0.895,0.105,False,1.176,0.0
3,Fase 3 - Evolução Tecnológica,1,"Cap 1 - Avançando nos conhecimentos, mais tecnologias!",165,146,143.0,3.0,0.0205,119,12307,2.0,0,0.995,0.005,False,0.286,0.0059
3,Fase 3 - Evolução Tecnológica,2,Cap 2 - Introdução à ciência de dados,165,143,136.0,7.0,0.049,137,10074,9.0,160,0.902,0.098,False,1.286,0.0629
3,Fase 3 - Evolução Tecnológica,3,Cap 3 - Aprendizado Supervisionado: classificação,165,136,135.0,1.0,0.0074,130,7714,7.0,138,0.957,0.043,False,1.0,0.0074
3,Fase 3 - Evolução Tecnológica,4,Cap 4 - Aprendizado Supervisionado - Regressão,165,135,133.0,2.0,0.0148,130,7435,7.0,138,0.965,0.035,False,1.0,0.0148
3,Fase 3 - Evolução Tecnológica,5,Cap 5 - Primeiro programa,165,133,132.0,1.0,0.0075,129,10014,7.0,139,0.964,0.036,False,1.0,0.0075
3,Fase 3 - Evolução Tecnológica,6,Cap 6 - Crimes Eletrônicos,165,132,131.0,1.0,0.0076,124,3209,6.0,124,0.914,0.086,False,0.857,0.0065
3,Fase 3 - Evolução Tecnológica,7,Cap 7 - Ferramentas - PowerBI,165,131,129.0,2.0,0.0153,127,5294,7.0,151,0.898,0.102,False,1.0,0.0153
3,Fase 3 - Evolução Tecnológica,8,Cap 8 - Ferramentas - Tableau,165,129,128.0,1.0,0.0078,124,3350,7.0,123,0.943,0.057,False,1.0,0.0078
3,Fase 3 - Evolução Tecnológica,9,Cap 9 - Gestão de estado no Jetpack Compose,165,128,127.0,1.0,0.0078,124,6203,7.0,130,0.892,0.108,False,1.0,0.0078
3,Fase 3 - Evolução Tecnológica,10,Cap 10 - Desenvolvimento Web,165,127,,,,127,12478,8.0,130,0.932,0.068,False,1.143,0.0
4,Fase 4 - Integração,1,Cap 1 - Integração de Sistemas e Soluções,153,136,136.0,0.0,0.0,102,21367,11.5,0,0.99,0.01,False,0.958,0.0
4,Fase 4 - Integração,2,Cap 2 - Estudo de Caso,153,136,133.0,3.0,0.0221,98,14341,41.0,0,0.874,0.126,False,3.417,0.0754
4,Fase 4 - Integração,3,Cap 3 - Persistência de Dados,153,133,130.0,3.0,0.0226,128,14995,19.5,133,0.942,0.058,False,1.625,0.0367
4,Fase 4 - Integração,4,Cap 4 - Padrões e Práticas Avançadas,153,130,126.0,4.0,0.0308,127,13597,12.0,132,0.948,0.052,False,1.0,0.0308
4,Fase 4 - Integração,5,Cap 5 - Engenharia Social,153,126,124.0,2.0,0.0159,122,11636,12.0,130,0.977,0.023,False,1.0,0.0159
4,Fase 4 - Integração,6,Cap 6 - Internacionalização e validação,153,124,124.0,0.0,0.0,121,6470,12.0,201,0.915,0.085,False,1.0,0.0
4,Fase 4 - Integração,7,Cap 7 - Persistência de dados locais,153,124,124.0,0.0,0.0,120,11451,10.5,124,0.924,0.076,False,0.875,0.0
4,Fase 4 - Integração,8,Cap 8 - Dominando o Terminal,153,124,124.0,0.0,0.0,121,7530,10.0,122,0.963,0.037,False,0.833,0.0
4,Fase 4 - Integração,9,"Cap 9 - Serviços essenciais (FTP, SSH)",153,124,122.0,2.0,0.0161,121,8006,9.0,129,0.925,0.075,False,0.75,0.0121
4,Fase 4 - Integração,10,Cap 10 - Arquiteturas IoT para Aplicações,153,122,120.0,2.0,0.0164,120,8256,11.0,125,0.957,0.043,False,0.917,0.015
4,Fase 4 - Integração,11,Cap 11 - Testes sem sofrimento,153,120,,,,120,14650,12.0,127,0.972,0.028,False,1.0,0.0
5,Fase 5 - Tecnologias,1,Cap 1 -  Soluções em tecnologias emergentes,143,95,82.0,13.0,0.1368,72,7338,19.0,0,0.977,0.023,True,0.717,0.0981
5,Fase 5 - Tecnologias,2,"Cap 2 - Conceitos de Serviços, SOA, microsserviços, MSA",143,82,70.0,12.0,0.1463,72,41133,69.5,53,0.97,0.03,True,2.623,0.3838
5,Fase 5 - Tecnologias,3,Cap 3 - APIs e Integração de Sistemas,143,70,63.0,7.0,0.1,60,36982,125.5,46,0.978,0.022,True,4.0,0.4
5,Fase 5 - Tecnologias,4,Cap 4 - Aprendizado não supervisionado,143,63,55.0,8.0,0.127,57,9474,66.0,39,0.916,0.084,True,2.491,0.3163
5,Fase 5 - Tecnologias,5,Cap 5 - Listas e Consumo de API externa,143,55,47.0,8.0,0.1455,48,4949,22.5,41,0.922,0.078,True,0.849,0.1235
5,Fase 5 - Tecnologias,6,"Cap 6 -  Outros serviços (APACHE, MYSQL)",143,47,45.0,2.0,0.0426,41,3751,29.0,31,0.975,0.025,True,1.094,0.0466
5,Fase 5 - Tecnologias,7,Cap 7 - Desenvolvimento de aplicações,143,45,37.0,8.0,0.1778,41,2935,24.0,38,0.959,0.041,True,0.906,0.161
5,Fase 5 - Tecnologias,8,Cap 8 - Automação de testes,143,37,,,,37,2662,24.0,24,0.874,0.126,True,0.906,0.0
