aluno_id,corte,probabilidade,faixa,situacao,fase_atual,recencia_dias,eventos_7d,eventos_14d,eventos_28d,dias_ativos_7d,dias_ativos_28d,tendencia,capitulo_max_fase_atual,pct_capitulos_fase_atual,progresso_28d,capitulos_distintos_28d,quiz_iniciados_28d,quiz_entregues_28d,entregas_28d,semanas_ativas_ultimas_8,share_noite_28d,share_fim_semana_28d,eventos_acumulados,dias_ativos_acumulados,semanas_desde_primeiro_evento,primeiro_evento,ultimo_evento,fator_1,fator_2,fator_3,fatores,acao_sugerida
Aluno 0227,2026-08-23,0.9949,Alto,Inativo >60d,3,122,0.0,0.0,0.0,0.0,0.0,0.0,1.0,0.1,0.0,0.0,0.0,0.0,0.0,0.0,0.0,0.0,3,1,17,2026-04-23,2026-04-23,122 dias sem acesso (inativo há mais de 2 meses),nenhum acesso nos últimos 28 dias,parado no capítulo 1 de 10 da Fase 3,122 dias sem acesso (inativo há mais de 2 meses) | nenhum acesso nos últimos 28 dias | parado no capítulo 1 de 10 da Fase 3,Contato de resgate pela coordenação (telefone) e oferta de plano de retomada/trancamento assistido
Aluno 0226,2026-08-23,0.994,Alto,Inativo >60d,3,107,0.0,0.0,0.0,0.0,0.0,0.0,1.0,0.1,0.0,0.0,0.0,0.0,0.0,0.0,0.0,0.0,4,1,15,2026-05-08,2026-05-08,107 dias sem acesso (inativo há mais de 2 meses),nenhum acesso nos últimos 28 dias,parado no capítulo 1 de 10 da Fase 3,107 dias sem acesso (inativo há mais de 2 meses) | nenhum acesso nos últimos 28 dias | parado no capítulo 1 de 10 da Fase 3,Contato de resgate pela coordenação (telefone) e oferta de plano de retomada/trancamento assistido
Aluno 0167,2026-08-23,0.9935,Alto,Inativo >60d,2,152,0.0,0.0,0.0,0.0,0.0,0.0,2.0,0.167,0.0,0.0,0.0,0.0,0.0,0.0,0.0,0.0,6,1,21,2026-03-24,2026-03-24,152 dias sem acesso (inativo há mais de 2 meses),nenhum acesso nos últimos 28 dias,parado no capítulo 2 de 12 da Fase 2,152 dias sem acesso (inativo há mais de 2 meses) | nenhum acesso nos últimos 28 dias | parado no capítulo 2 de 12 da Fase 2,Contato de resgate pela coordenação (telefone) e oferta de plano de retomada/trancamento assistido
Aluno 0216,2026-08-23,0.9935,Alto,Inativo >60d,2,138,0.0,0.0,0.0,0.0,0.0,0.0,0.0,0.0,0.0,0.0,0.0,0.0,0.0,0.0,0.0,0.0,1,1,19,2026-04-07,2026-04-07,138 dias sem acesso (inativo há mais de 2 meses),nenhum acesso nos últimos 28 dias,parado no capítulo 0 de 12 da Fase 2,138 dias sem acesso (inativo há mais de 2 meses) | nenhum acesso nos últimos 28 dias | parado no capítulo 0 de 12 da Fase 2,Contato de resgate pela coordenação (telefone) e oferta de plano de retomada/trancamento assistido
Aluno 0170,2026-08-23,0.9934,Alto,Inativo >60d,1,159,0.0,0.0,0.0,0.0,0.0,0.0,1.0,0.1,0.0,0.0,0.0,0.0,0.0,0.0,0.0,0.0,6,1,22,2026-03-17,2026-03-17,159 dias sem acesso (inativo há mais de 2 meses),nenhum acesso nos últimos 28 dias,parado no capítulo 1 de 10 da Fase 1,159 dias sem acesso (inativo há mais de 2 meses) | nenhum acesso nos últimos 28 dias | parado no capítulo 1 de 10 da Fase 1,Contato de resgate pela coordenação (telefone) e oferta de plano de retomada/trancamento assistido
Aluno 0178,2026-08-23,0.993,Alto,Inativo >60d,1,195,0.0,0.0,0.0,0.0,0.0,0.0,0.0,0.0,0.0,0.0,0.0,0.0,0.0,0.0,0.0,0.0,1,1,27,2026-02-09,2026-02-09,195 dias sem acesso (inativo há mais de 2 meses),nenhum acesso nos últimos 28 dias,parado no capítulo 0 de 10 da Fase 1,195 dias sem acesso (inativo há mais de 2 meses) | nenhum acesso nos últimos 28 dias | parado no capítulo 0 de 10 da Fase 1,Contato de resgate pela coordenação (telefone) e oferta de plano de retomada/trancamento assistido
Aluno 0174,2026-08-23,0.993,Alto,Inativo >60d,1,192,0.0,0.0,0.0,0.0,0.0,0.0,0.0,0.0,0.0,0.0,0.0,0.0,0.0,0.0,0.0,0.0,1,1,27,2026-02-12,2026-02-12,192 dias sem acesso (inativo há mais de 2 meses),nenhum acesso nos últimos 28 dias,parado no capítulo 0 de 10 da Fase 1,192 dias sem acesso (inativo há mais de 2 meses) | nenhum acesso nos últimos 28 dias | parado no capítulo 0 de 10 da Fase 1,Contato de resgate pela coordenação (telefone) e oferta de plano de retomada/trancamento assistido
Aluno 0173,2026-08-23,0.993,Alto,Inativo >60d,1,171,0.0,0.0,0.0,0.0,0.0,0.0,0.0,0.0,0.0,0.0,0.0,0.0,0.0,0.0,0.0,0.0,1,1,24,2026-03-05,2026-03-05,171 dias sem acesso (inativo há mais de 2 meses),nenhum acesso nos últimos 28 dias,parado no capítulo 0 de 10 da Fase 1,171 dias sem acesso (inativo há mais de 2 meses) | nenhum acesso nos últimos 28 dias | parado no capítulo 0 de 10 da Fase 1,Contato de resgate pela coordenação (telefone) e oferta de plano de retomada/trancamento assistido
Aluno 0171,2026-08-23,0.993,Alto,Inativo >60d,1,160,0.0,0.0,0.0,0.0,0.0,0.0,0.0,0.0,0.0,0.0,0.0,0.0,0.0,0.0,0.0,0.0,1,1,22,2026-03-16,2026-03-16,160 dias sem acesso (inativo há mais de 2 meses),nenhum acesso nos últimos 28 dias,parado no capítulo 0 de 10 da Fase 1,160 dias sem acesso (inativo há mais de 2 meses) | nenhum acesso nos últimos 28 dias | parado no capítulo 0 de 10 da Fase 1,Contato de resgate pela coordenação (telefone) e oferta de plano de retomada/trancamento assistido
Aluno 0184,2026-08-23,0.9929,Alto,Inativo >60d,4,93,0.0,0.0,0.0,0.0,0.0,0.0,0.0,0.0,0.0,0.0,0.0,0.0,0.0,0.0,0.0,0.0,1,1,13,2026-05-22,2026-05-22,93 dias sem acesso (inativo há mais de 2 meses),nenhum acesso nos últimos 28 dias,parado no capítulo 0 de 11 da Fase 4,93 dias sem acesso (inativo há mais de 2 meses) | nenhum acesso nos últimos 28 dias | parado no capítulo 0 de 11 da Fase 4,Contato de resgate pela coordenação (telefone) e oferta de plano de retomada/trancamento assistido
Aluno 0217,2026-08-23,0.9928,Alto,Inativo >60d,2,152,0.0,0.0,0.0,0.0,0.0,0.0,0.0,0.0,0.0,0.0,0.0,0.0,0.0,0.0,0.0,0.0,1,1,21,2026-03-24,2026-03-24,152 dias sem acesso (inativo há mais de 2 meses),nenhum acesso nos últimos 28 dias,parado no capítulo 0 de 12 da Fase 2,152 dias sem acesso (inativo há mais de 2 meses) | nenhum acesso nos últimos 28 dias | parado no capítulo 0 de 12 da Fase 2,Contato de resgate pela coordenação (telefone) e oferta de plano de retomada/trancamento assistido
Aluno 0225,2026-08-23,0.9926,Alto,Inativo >60d,3,107,0.0,0.0,0.0,0.0,0.0,0.0,0.0,0.0,0.0,0.0,0.0,0.0,0.0,0.0,0.0,0.0,2,1,15,2026-05-08,2026-05-08,107 dias sem acesso (inativo há mais de 2 meses),nenhum acesso nos últimos 28 dias,parado no capítulo 0 de 10 da Fase 3,107 dias sem acesso (inativo há mais de 2 meses) | nenhum acesso nos últimos 28 dias | parado no capítulo 0 de 10 da Fase 3,Contato de resgate pela coordenação (telefone) e oferta de plano de retomada/trancamento assistido
Aluno 0199,2026-08-23,0.9926,Alto,Inativo >60d,3,94,0.0,0.0,0.0,0.0,0.0,0.0,0.0,0.0,0.0,0.0,0.0,0.0,0.0,0.0,0.0,0.0,6,1,13,2026-05-21,2026-05-21,94 dias sem acesso (inativo há mais de 2 meses),nenhum acesso nos últimos 28 dias,parado no capítulo 0 de 10 da Fase 3,94 dias sem acesso (inativo há mais de 2 meses) | nenhum acesso nos últimos 28 dias | parado no capítulo 0 de 10 da Fase 3,Contato de resgate pela coordenação (telefone) e oferta de plano de retomada/trancamento assistido
Aluno 0222,2026-08-23,0.9926,Alto,Inativo >60d,3,93,0.0,0.0,0.0,0.0,0.0,0.0,0.0,0.0,0.0,0.0,0.0,0.0,0.0,0.0,0.0,0.0,4,1,13,2026-05-22,2026-05-22,93 dias sem acesso (inativo há mais de 2 meses),nenhum acesso nos últimos 28 dias,parado no capítulo 0 de 10 da Fase 3,93 dias sem acesso (inativo há mais de 2 meses) | nenhum acesso nos últimos 28 dias | parado no capítulo 0 de 10 da Fase 3,Contato de resgate pela coordenação (telefone) e oferta de plano de retomada/trancamento assistido
Aluno 0223,2026-08-23,0.9926,Alto,Inativo >60d,3,93,0.0,0.0,0.0,0.0,0.0,0.0,0.0,0.0,0.0,0.0,0.0,0.0,0.0,0.0,0.0,0.0,2,1,13,2026-05-22,2026-05-22,93 dias sem acesso (inativo há mais de 2 meses),nenhum acesso nos últimos 28 dias,parado no capítulo 0 de 10 da Fase 3,93 dias sem acesso (inativo há mais de 2 meses) | nenhum acesso nos últimos 28 dias | parado no capítulo 0 de 10 da Fase 3,Contato de resgate pela coordenação (telefone) e oferta de plano de retomada/trancamento assistido
Aluno 0224,2026-08-23,0.9926,Alto,Inativo >60d,3,93,0.0,0.0,0.0,0.0,0.0,0.0,0.0,0.0,0.0,0.0,0.0,0.0,0.0,0.0,0.0,0.0,4,1,13,2026-05-22,2026-05-22,93 dias sem acesso (inativo há mais de 2 meses),nenhum acesso nos últimos 28 dias,parado no capítulo 0 de 10 da Fase 3,93 dias sem acesso (inativo há mais de 2 meses) | nenhum acesso nos últimos 28 dias | parado no capítulo 0 de 10 da Fase 3,Contato de resgate pela coordenação (telefone) e oferta de plano de retomada/trancamento assistido
Aluno 0218,2026-08-23,0.9925,Alto,Inativo >60d,2,157,0.0,0.0,0.0,0.0,0.0,0.0,0.0,0.0,0.0,0.0,0.0,0.0,0.0,0.0,0.0,0.0,1,1,22,2026-03-19,2026-03-19,157 dias sem acesso (inativo há mais de 2 meses),nenhum acesso nos últimos 28 dias,parado no capítulo 0 de 12 da Fase 2,157 dias sem acesso (inativo há mais de 2 meses) | nenhum acesso nos últimos 28 dias | parado no capítulo 0 de 12 da Fase 2,Contato de resgate pela coordenação (telefone) e oferta de plano de retomada/trancamento assistido
Aluno 0177,2026-08-23,0.9916,Alto,Inativo >60d,1,194,0.0,0.0,0.0,0.0,0.0,0.0,0.0,0.0,0.0,0.0,0.0,0.0,0.0,0.0,0.0,0.0,2,1,27,2026-02-10,2026-02-10,194 dias sem acesso (inativo há mais de 2 meses),nenhum acesso nos últimos 28 dias,parado no capítulo 0 de 10 da Fase 1,194 dias sem acesso (inativo há mais de 2 meses) | nenhum acesso nos últimos 28 dias | parado no capítulo 0 de 10 da Fase 1,Contato de resgate pela coordenação (telefone) e oferta de plano de retomada/trancamento assistido
Aluno 0193,2026-08-23,0.9913,Alto,Inativo >60d,3,131,0.0,0.0,0.0,0.0,0.0,0.0,0.0,0.0,0.0,0.0,0.0,0.0,0.0,0.0,0.0,0.0,3,2,21,2026-03-25,2026-04-14,131 dias sem acesso (inativo há mais de 2 meses),nenhum acesso nos últimos 28 dias,parado no capítulo 0 de 10 da Fase 3,131 dias sem acesso (inativo há mais de 2 meses) | nenhum acesso nos últimos 28 dias | parado no capítulo 0 de 10 da Fase 3,Contato de resgate pela coordenação (telefone) e oferta de plano de retomada/trancamento assistido
Aluno 0194,2026-08-23,0.9874,Alto,Inativo >60d,4,93,0.0,0.0,0.0,0.0,0.0,0.0,3.0,0.273,0.0,0.0,0.0,0.0,0.0,0.0,0.0,0.0,14,1,13,2026-05-22,2026-05-22,93 dias sem acesso (inativo há mais de 2 meses),nenhum acesso nos últimos 28 dias,parado no capítulo 3 de 11 da Fase 4,93 dias sem acesso (inativo há mais de 2 meses) | nenhum acesso nos últimos 28 dias | parado no capítulo 3 de 11 da Fase 4,Contato de resgate pela coordenação (telefone) e oferta de plano de retomada/trancamento assistido
Aluno 0176,2026-08-23,0.9867,Alto,Inativo >60d,1,194,0.0,0.0,0.0,0.0,0.0,0.0,4.0,0.4,0.0,0.0,0.0,0.0,0.0,0.0,0.0,0.0,20,2,27,2026-02-09,2026-02-10,194 dias sem acesso (inativo há mais de 2 meses),nenhum acesso nos últimos 28 dias,parado no capítulo 4 de 10 da Fase 1,194 dias sem acesso (inativo há mais de 2 meses) | nenhum acesso nos últimos 28 dias | parado no capítulo 4 de 10 da Fase 1,Contato de resgate pela coordenação (telefone) e oferta de plano de retomada/trancamento assistido
Aluno 0215,2026-08-23,0.9855,Alto,Inativo >60d,2,138,0.0,0.0,0.0,0.0,0.0,0.0,10.0,0.833,0.0,0.0,0.0,0.0,0.0,0.0,0.0,0.0,18,2,21,2026-03-25,2026-04-07,138 dias sem acesso (inativo há mais de 2 meses),nenhum acesso nos últimos 28 dias,ativo em apenas 0 das últimas 8 semanas,138 dias sem acesso (inativo há mais de 2 meses) | nenhum acesso nos últimos 28 dias | ativo em apenas 0 das últimas 8 semanas,Contato de resgate pela coordenação (telefone) e oferta de plano de retomada/trancamento assistido
Aluno 0213,2026-08-23,0.9826,Alto,Inativo >60d,2,121,0.0,0.0,0.0,0.0,0.0,0.0,12.0,1.0,0.0,0.0,0.0,0.0,0.0,0.0,0.0,0.0,89,2,17,2026-04-23,2026-04-24,121 dias sem acesso (inativo há mais de 2 meses),nenhum acesso nos últimos 28 dias,ativo em apenas 0 das últimas 8 semanas,121 dias sem acesso (inativo há mais de 2 meses) | nenhum acesso nos últimos 28 dias | ativo em apenas 0 das últimas 8 semanas,Contato de resgate pela coordenação (telefone) e oferta de plano de retomada/trancamento assistido
Aluno 0045,2026-08-23,0.9767,Alto,Inativo >60d,4,73,0.0,0.0,0.0,0.0,0.0,0.0,4.0,0.364,0.0,0.0,0.0,0.0,0.0,0.0,0.0,0.0,210,2,13,2026-05-21,2026-06-11,73 dias sem acesso (inativo há mais de 2 meses),nenhum acesso nos últimos 28 dias,parado no capítulo 4 de 11 da Fase 4,73 dias sem acesso (inativo há mais de 2 meses) | nenhum acesso nos últimos 28 dias | parado no capítulo 4 de 11 da Fase 4,Contato de resgate pela coordenação (telefone) e oferta de plano de retomada/trancamento assistido
Aluno 0052,2026-08-23,0.9762,Alto,Inativo >60d,1,74,0.0,0.0,0.0,0.0,0.0,0.0,2.0,0.2,0.0,0.0,0.0,0.0,0.0,0.0,0.0,0.0,2,1,10,2026-06-10,2026-06-10,74 dias sem acesso (inativo há mais de 2 meses),nenhum acesso nos últimos 28 dias,parado no capítulo 2 de 10 da Fase 1,74 dias sem acesso (inativo há mais de 2 meses) | nenhum acesso nos últimos 28 dias | parado no capítulo 2 de 10 da Fase 1,Contato de resgate pela coordenação (telefone) e oferta de plano de retomada/trancamento assistido
Aluno 0228,2026-08-23,0.9726,Alto,Inativo 29–60d,4,53,0.0,0.0,0.0,0.0,0.0,0.0,0.0,0.0,0.0,0.0,0.0,0.0,0.0,1.0,0.0,0.0,1,1,7,2026-07-01,2026-07-01,53 dias sem acesso,nenhum acesso nos últimos 28 dias,parado no capítulo 0 de 11 da Fase 4,53 dias sem acesso | nenhum acesso nos últimos 28 dias | parado no capítulo 0 de 11 da Fase 4,Contato do tutor em 48h + monitoria/microaula do capítulo em que parou (parado no capítulo 0 de 11 da Fase 4)
Aluno 0221,2026-08-23,0.9714,Alto,Inativo >60d,3,74,0.0,0.0,0.0,0.0,0.0,0.0,0.0,0.0,0.0,0.0,0.0,0.0,0.0,0.0,0.0,0.0,9,2,10,2026-06-09,2026-06-10,74 dias sem acesso (inativo há mais de 2 meses),nenhum acesso nos últimos 28 dias,parado no capítulo 0 de 10 da Fase 3,74 dias sem acesso (inativo há mais de 2 meses) | nenhum acesso nos últimos 28 dias | parado no capítulo 0 de 10 da Fase 3,Contato de resgate pela coordenação (telefone) e oferta de plano de retomada/trancamento assistido
Aluno 0220,2026-08-23,0.9714,Alto,Inativo >60d,3,73,0.0,0.0,0.0,0.0,0.0,0.0,0.0,0.0,0.0,0.0,0.0,0.0,0.0,0.0,0.0,0.0,9,2,10,2026-06-09,2026-06-11,73 dias sem acesso (inativo há mais de 2 meses),nenhum acesso nos últimos 28 dias,parado no capítulo 0 de 10 da Fase 3,73 dias sem acesso (inativo há mais de 2 meses) | nenhum acesso nos últimos 28 dias | parado no capítulo 0 de 10 da Fase 3,Contato de resgate pela coordenação (telefone) e oferta de plano de retomada/trancamento assistido
Aluno 0047,2026-08-23,0.9669,Alto,Inativo >60d,1,73,0.0,0.0,0.0,0.0,0.0,0.0,1.0,0.1,0.0,0.0,0.0,0.0,0.0,0.0,0.0,0.0,12,2,22,2026-03-17,2026-06-11,73 dias sem acesso (inativo há mais de 2 meses),nenhum acesso nos últimos 28 dias,parado no capítulo 1 de 10 da Fase 1,73 dias sem acesso (inativo há mais de 2 meses) | nenhum acesso nos últimos 28 dias | parado no capítulo 1 de 10 da Fase 1,Contato de resgate pela coordenação (telefone) e oferta de plano de retomada/trancamento assistido
Aluno 0121,2026-08-23,0.9522,Alto,Inativo >60d,3,117,0.0,0.0,0.0,0.0,0.0,0.0,0.0,0.0,0.0,0.0,0.0,0.0,0.0,0.0,0.0,0.0,84,7,20,2026-04-02,2026-04-28,117 dias sem acesso (inativo há mais de 2 meses),nenhum acesso nos últimos 28 dias,parado no capítulo 0 de 10 da Fase 3,117 dias sem acesso (inativo há mais de 2 meses) | nenhum acesso nos últimos 28 dias | parado no capítulo 0 de 10 da Fase 3,Contato de resgate pela coordenação (telefone) e oferta de plano de retomada/trancamento assistido
Aluno 0165,2026-08-23,0.9521,Alto,Inativo >60d,3,122,0.0,0.0,0.0,0.0,0.0,0.0,0.0,0.0,0.0,0.0,0.0,0.0,0.0,0.0,0.0,0.0,91,13,27,2026-02-13,2026-04-23,122 dias sem acesso (inativo há mais de 2 meses),nenhum acesso nos últimos 28 dias,parado no capítulo 0 de 10 da Fase 3,122 dias sem acesso (inativo há mais de 2 meses) | nenhum acesso nos últimos 28 dias | parado no capítulo 0 de 10 da Fase 3,Contato de resgate pela coordenação (telefone) e oferta de plano de retomada/trancamento assistido
Aluno 0233,2026-08-23,0.9462,Alto,Ativo (28d),5,9,0.0,1.0,1.0,0.0,1.0,0.0,3.0,0.375,0.0,1.0,0.0,0.0,0.0,1.0,0.0,0.0,1,1,1,2026-08-14,2026-08-14,9 dias sem acesso,parado no capítulo 3 de 8 da Fase 5,apenas 1 dia(s) ativo(s) no último mês,9 dias sem acesso | parado no capítulo 3 de 8 da Fase 5 | apenas 1 dia(s) ativo(s) no último mês,Contato do tutor em 48h + monitoria/microaula do capítulo em que parou (parado no capítulo 3 de 8 da Fase 5)
Aluno 0076,2026-08-23,0.9393,Alto,Inativo >60d,4,103,0.0,0.0,0.0,0.0,0.0,0.0,0.0,0.0,0.0,0.0,0.0,0.0,0.0,0.0,0.0,0.0,311,20,25,2026-02-25,2026-05-12,103 dias sem acesso (inativo há mais de 2 meses),nenhum acesso nos últimos 28 dias,parado no capítulo 0 de 11 da Fase 4,103 dias sem acesso (inativo há mais de 2 meses) | nenhum acesso nos últimos 28 dias | parado no capítulo 0 de 11 da Fase 4,Contato de resgate pela coordenação (telefone) e oferta de plano de retomada/trancamento assistido
Aluno 0236,2026-08-23,0.9391,Alto,Ativo (28d),5,16,0.0,0.0,19.0,0.0,1.0,0.0,7.0,0.875,7.0,5.0,4.0,0.0,0.0,1.0,0.0,0.0,19,1,2,2026-08-07,2026-08-07,16 dias sem acesso,queda de 100% nos acessos da semana vs. média do mês,nenhum acesso nas últimas 2 semanas,16 dias sem acesso | queda de 100% nos acessos da semana vs. média do mês | nenhum acesso nas últimas 2 semanas,Contato ativo do tutor em 48h (telefone/WhatsApp) com plano de retomada de 2 semanas
Aluno 0161,2026-08-23,0.932,Alto,Inativo >60d,3,89,0.0,0.0,0.0,0.0,0.0,0.0,10.0,1.0,0.0,0.0,0.0,0.0,0.0,0.0,0.0,0.0,959,11,25,2026-02-25,2026-05-26,89 dias sem acesso (inativo há mais de 2 meses),nenhum acesso nos últimos 28 dias,ativo em apenas 0 das últimas 8 semanas,89 dias sem acesso (inativo há mais de 2 meses) | nenhum acesso nos últimos 28 dias | ativo em apenas 0 das últimas 8 semanas,Contato de resgate pela coordenação (telefone) e oferta de plano de retomada/trancamento assistido
Aluno 0237,2026-08-23,0.9263,Alto,Ativo (28d),5,16,0.0,0.0,1.0,0.0,1.0,0.0,0.0,0.0,0.0,0.0,0.0,0.0,0.0,1.0,0.0,0.0,1,1,2,2026-08-07,2026-08-07,16 dias sem acesso,nenhum acesso nas últimas 2 semanas,parado no capítulo 0 de 8 da Fase 5,16 dias sem acesso | nenhum acesso nas últimas 2 semanas | parado no capítulo 0 de 8 da Fase 5,Contato do tutor em 48h + monitoria/microaula do capítulo em que parou (parado no capítulo 0 de 8 da Fase 5)
Aluno 0020,2026-08-23,0.9181,Alto,Ativo (28d),3,16,0.0,0.0,17.0,0.0,1.0,0.0,0.0,0.0,0.0,0.0,0.0,0.0,0.0,1.0,0.0,0.0,17,1,2,2026-08-07,2026-08-07,16 dias sem acesso,queda de 100% nos acessos da semana vs. média do mês,nenhum acesso nas últimas 2 semanas,16 dias sem acesso | queda de 100% nos acessos da semana vs. média do mês | nenhum acesso nas últimas 2 semanas,Contato do tutor em 48h + monitoria/microaula do capítulo em que parou (parado no capítulo 0 de 10 da Fase 3)
Aluno 0148,2026-08-23,0.917,Alto,Inativo >60d,4,76,0.0,0.0,0.0,0.0,0.0,0.0,0.0,0.0,0.0,0.0,0.0,0.0,0.0,0.0,0.0,0.0,284,9,23,2026-03-09,2026-06-08,76 dias sem acesso (inativo há mais de 2 meses),nenhum acesso nos últimos 28 dias,parado no capítulo 0 de 11 da Fase 4,76 dias sem acesso (inativo há mais de 2 meses) | nenhum acesso nos últimos 28 dias | parado no capítulo 0 de 11 da Fase 4,Contato de resgate pela coordenação (telefone) e oferta de plano de retomada/trancamento assistido
Aluno 0205,2026-08-23,0.9158,Alto,Ativo (28d),4,17,0.0,0.0,2.0,0.0,1.0,0.0,0.0,0.0,0.0,0.0,0.0,0.0,0.0,1.0,0.0,0.0,2,1,2,2026-08-06,2026-08-06,17 dias sem acesso,nenhum acesso nas últimas 2 semanas,parado no capítulo 0 de 11 da Fase 4,17 dias sem acesso | nenhum acesso nas últimas 2 semanas | parado no capítulo 0 de 11 da Fase 4,Contato do tutor em 48h + monitoria/microaula do capítulo em que parou (parado no capítulo 0 de 11 da Fase 4)
Aluno 0048,2026-08-23,0.9051,Alto,Inativo >60d,1,74,0.0,0.0,0.0,0.0,0.0,0.0,10.0,1.0,0.0,0.0,0.0,0.0,0.0,0.0,0.0,0.0,27,1,10,2026-06-10,2026-06-10,74 dias sem acesso (inativo há mais de 2 meses),nenhum acesso nos últimos 28 dias,ativo em apenas 0 das últimas 8 semanas,74 dias sem acesso (inativo há mais de 2 meses) | nenhum acesso nos últimos 28 dias | ativo em apenas 0 das últimas 8 semanas,Contato de resgate pela coordenação (telefone) e oferta de plano de retomada/trancamento assistido
Aluno 0133,2026-08-23,0.9,Alto,Inativo 29–60d,4,56,0.0,0.0,0.0,0.0,0.0,0.0,2.0,0.182,0.0,0.0,0.0,0.0,0.0,0.0,0.0,0.0,15,3,17,2026-04-26,2026-06-28,56 dias sem acesso,nenhum acesso nos últimos 28 dias,parado no capítulo 2 de 11 da Fase 4,56 dias sem acesso | nenhum acesso nos últimos 28 dias | parado no capítulo 2 de 11 da Fase 4,Contato do tutor em 48h + monitoria/microaula do capítulo em que parou (parado no capítulo 2 de 11 da Fase 4)
Aluno 0010,2026-08-23,0.8932,Alto,Ativo (28d),3,18,0.0,0.0,2.0,0.0,1.0,0.0,0.0,0.0,0.0,0.0,0.0,0.0,0.0,2.0,0.0,0.0,4,2,4,2026-07-23,2026-08-05,18 dias sem acesso,nenhum acesso nas últimas 2 semanas,parado no capítulo 0 de 10 da Fase 3,18 dias sem acesso | nenhum acesso nas últimas 2 semanas | parado no capítulo 0 de 10 da Fase 3,Contato do tutor em 48h + monitoria/microaula do capítulo em que parou (parado no capítulo 0 de 10 da Fase 3)
Aluno 0234,2026-08-23,0.8854,Alto,Ativo (28d),5,9,0.0,1.0,1.0,0.0,1.0,0.0,0.0,0.0,0.0,0.0,0.0,0.0,0.0,1.0,0.0,0.0,1,1,1,2026-08-14,2026-08-14,9 dias sem acesso,parado no capítulo 0 de 8 da Fase 5,nenhum capítulo acessado na Fase 5,9 dias sem acesso | parado no capítulo 0 de 8 da Fase 5 | nenhum capítulo acessado na Fase 5,Contato do tutor em 48h + monitoria/microaula do capítulo em que parou (parado no capítulo 0 de 8 da Fase 5)
Aluno 0235,2026-08-23,0.8854,Alto,Ativo (28d),5,9,0.0,1.0,1.0,0.0,1.0,0.0,0.0,0.0,0.0,0.0,0.0,0.0,0.0,1.0,0.0,0.0,1,1,1,2026-08-14,2026-08-14,9 dias sem acesso,parado no capítulo 0 de 8 da Fase 5,nenhum capítulo acessado na Fase 5,9 dias sem acesso | parado no capítulo 0 de 8 da Fase 5 | nenhum capítulo acessado na Fase 5,Contato do tutor em 48h + monitoria/microaula do capítulo em que parou (parado no capítulo 0 de 8 da Fase 5)
Aluno 0160,2026-08-23,0.8813,Alto,Inativo 29–60d,4,58,0.0,0.0,0.0,0.0,0.0,0.0,9.0,0.818,0.0,0.0,0.0,0.0,0.0,0.0,0.0,0.0,133,8,23,2026-03-09,2026-06-26,58 dias sem acesso,nenhum acesso nos últimos 28 dias,ativo em apenas 0 das últimas 8 semanas,58 dias sem acesso | nenhum acesso nos últimos 28 dias | ativo em apenas 0 das últimas 8 semanas,Contato ativo do tutor em 48h (telefone/WhatsApp) com plano de retomada de 2 semanas
Aluno 0212,2026-08-23,0.8738,Alto,Ativo (28d),2,26,0.0,0.0,2.0,0.0,1.0,0.0,1.0,0.083,0.0,1.0,0.0,0.0,0.0,1.0,0.0,0.0,2,1,3,2026-07-28,2026-07-28,26 dias sem acesso,nenhum acesso nas últimas 2 semanas,parado no capítulo 1 de 12 da Fase 2,26 dias sem acesso | nenhum acesso nas últimas 2 semanas | parado no capítulo 1 de 12 da Fase 2,Contato do tutor em 48h + monitoria/microaula do capítulo em que parou (parado no capítulo 1 de 12 da Fase 2)
Aluno 0232,2026-08-23,0.8543,Alto,Ativo (28d),5,6,1.0,1.0,1.0,1.0,1.0,0.8,0.0,0.0,0.0,0.0,0.0,0.0,0.0,1.0,0.0,0.0,1,1,0,2026-08-17,2026-08-17,parado no capítulo 0 de 8 da Fase 5,nenhum capítulo acessado na Fase 5,apenas 1 dia(s) ativo(s) no último mês,parado no capítulo 0 de 8 da Fase 5 | nenhum capítulo acessado na Fase 5 | apenas 1 dia(s) ativo(s) no último mês,Contato do tutor em 48h + monitoria/microaula do capítulo em que parou (parado no capítulo 0 de 8 da Fase 5)
Aluno 0140,2026-08-23,0.8494,Alto,Inativo 29–60d,4,57,0.0,0.0,0.0,0.0,0.0,0.0,4.0,0.364,0.0,0.0,0.0,0.0,0.0,0.0,0.0,0.0,151,16,25,2026-02-23,2026-06-27,57 dias sem acesso,nenhum acesso nos últimos 28 dias,parado no capítulo 4 de 11 da Fase 4,57 dias sem acesso | nenhum acesso nos últimos 28 dias | parado no capítulo 4 de 11 da Fase 4,Contato do tutor em 48h + monitoria/microaula do capítulo em que parou (parado no capítulo 4 de 11 da Fase 4)
Aluno 0074,2026-08-23,0.8101,Alto,Inativo 29–60d,4,55,0.0,0.0,0.0,0.0,0.0,0.0,0.0,0.0,0.0,0.0,0.0,0.0,0.0,1.0,0.0,0.0,91,17,27,2026-02-09,2026-06-29,55 dias sem acesso,nenhum acesso nos últimos 28 dias,parado no capítulo 0 de 11 da Fase 4,55 dias sem acesso | nenhum acesso nos últimos 28 dias | parado no capítulo 0 de 11 da Fase 4,Contato do tutor em 48h + monitoria/microaula do capítulo em que parou (parado no capítulo 0 de 11 da Fase 4)
Aluno 0168,2026-08-23,0.8058,Alto,Inativo 29–60d,4,57,0.0,0.0,0.0,0.0,0.0,0.0,11.0,1.0,0.0,0.0,0.0,0.0,0.0,0.0,0.0,0.0,11866,58,21,2026-03-24,2026-06-27,57 dias sem acesso,nenhum acesso nos últimos 28 dias,ativo em apenas 0 das últimas 8 semanas,57 dias sem acesso | nenhum acesso nos últimos 28 dias | ativo em apenas 0 das últimas 8 semanas,Contato ativo do tutor em 48h (telefone/WhatsApp) com plano de retomada de 2 semanas
Aluno 0099,2026-08-23,0.8014,Alto,Inativo 29–60d,4,44,0.0,0.0,0.0,0.0,0.0,0.0,11.0,1.0,0.0,0.0,0.0,0.0,0.0,2.0,0.0,0.0,822,19,27,2026-02-10,2026-07-10,44 dias sem acesso,nenhum acesso nos últimos 28 dias,ativo em apenas 2 das últimas 8 semanas,44 dias sem acesso | nenhum acesso nos últimos 28 dias | ativo em apenas 2 das últimas 8 semanas,Contato ativo do tutor em 48h (telefone/WhatsApp) com plano de retomada de 2 semanas
Aluno 0054,2026-08-23,0.7785,Alto,Inativo 29–60d,4,52,0.0,0.0,0.0,0.0,0.0,0.0,11.0,1.0,0.0,0.0,0.0,0.0,0.0,1.0,0.0,0.0,941,22,27,2026-02-10,2026-07-02,52 dias sem acesso,nenhum acesso nos últimos 28 dias,ativo em apenas 1 das últimas 8 semanas,52 dias sem acesso | nenhum acesso nos últimos 28 dias | ativo em apenas 1 das últimas 8 semanas,Contato ativo do tutor em 48h (telefone/WhatsApp) com plano de retomada de 2 semanas
Aluno 0025,2026-08-23,0.7736,Alto,Ativo (28d),5,10,0.0,2.0,2.0,0.0,1.0,0.0,0.0,0.0,0.0,0.0,0.0,0.0,0.0,2.0,0.0,0.0,5,2,4,2026-07-21,2026-08-13,10 dias sem acesso,parado no capítulo 0 de 8 da Fase 5,nenhum capítulo acessado na Fase 5,10 dias sem acesso | parado no capítulo 0 de 8 da Fase 5 | nenhum capítulo acessado na Fase 5,Contato do tutor em 48h + monitoria/microaula do capítulo em que parou (parado no capítulo 0 de 8 da Fase 5)
Aluno 0132,2026-08-23,0.7456,Alto,Inativo 29–60d,4,48,0.0,0.0,0.0,0.0,0.0,0.0,11.0,1.0,0.0,0.0,0.0,0.0,0.0,1.0,0.0,0.0,157,9,23,2026-03-11,2026-07-06,48 dias sem acesso,nenhum acesso nos últimos 28 dias,ativo em apenas 1 das últimas 8 semanas,48 dias sem acesso | nenhum acesso nos últimos 28 dias | ativo em apenas 1 das últimas 8 semanas,Contato ativo do tutor em 48h (telefone/WhatsApp) com plano de retomada de 2 semanas
Aluno 0027,2026-08-23,0.6752,Alto,Inativo 29–60d,4,54,0.0,0.0,0.0,0.0,0.0,0.0,11.0,1.0,0.0,0.0,0.0,0.0,0.0,1.0,0.0,0.0,19559,49,23,2026-03-12,2026-06-30,54 dias sem acesso,nenhum acesso nos últimos 28 dias,ativo em apenas 1 das últimas 8 semanas,54 dias sem acesso | nenhum acesso nos últimos 28 dias | ativo em apenas 1 das últimas 8 semanas,Contato ativo do tutor em 48h (telefone/WhatsApp) com plano de retomada de 2 semanas
Aluno 0146,2026-08-23,0.5002,Médio,Ativo (28d),5,18,0.0,0.0,214.0,0.0,3.0,0.0,3.0,0.375,105.0,3.0,2.0,1.0,0.0,3.0,0.668,0.0,325,17,27,2026-02-09,2026-08-05,18 dias sem acesso,queda de 100% nos acessos da semana vs. média do mês,nenhum acesso nas últimas 2 semanas,18 dias sem acesso | queda de 100% nos acessos da semana vs. média do mês | nenhum acesso nas últimas 2 semanas,Mensagem personalizada de reengajamento com atalho para o capítulo atual e lembrete de prazo
Aluno 0049,2026-08-23,0.4437,Médio,Ativo (28d),5,6,75.0,75.0,75.0,1.0,1.0,3.797,8.0,1.0,28.0,8.0,9.0,9.0,0.0,1.0,0.0,0.0,514,14,27,2026-02-09,2026-08-17,apenas 1 dia(s) ativo(s) no último mês,ativo em apenas 1 das últimas 8 semanas,,apenas 1 dia(s) ativo(s) no último mês | ativo em apenas 1 das últimas 8 semanas,Mensagem automática de reengajamento + lembrete de prazo da fase
Aluno 0172,2026-08-23,0.4434,Médio,Ativo (28d),5,20,0.0,0.0,1.0,0.0,1.0,0.0,0.0,0.0,0.0,0.0,0.0,0.0,0.0,1.0,0.0,0.0,14,11,25,2026-02-24,2026-08-03,20 dias sem acesso,nenhum acesso nas últimas 2 semanas,parado no capítulo 0 de 8 da Fase 5,20 dias sem acesso | nenhum acesso nas últimas 2 semanas | parado no capítulo 0 de 8 da Fase 5,Mensagem personalizada de reengajamento com atalho para o capítulo atual e lembrete de prazo
Aluno 0137,2026-08-23,0.429,Médio,Ativo (28d),4,27,0.0,0.0,1.0,0.0,1.0,0.0,0.0,0.0,0.0,0.0,0.0,0.0,0.0,3.0,0.0,0.0,300,16,27,2026-02-09,2026-07-27,27 dias sem acesso,nenhum acesso nas últimas 2 semanas,parado no capítulo 0 de 11 da Fase 4,27 dias sem acesso | nenhum acesso nas últimas 2 semanas | parado no capítulo 0 de 11 da Fase 4,Mensagem personalizada de reengajamento com atalho para o capítulo atual e lembrete de prazo
Aluno 0219,2026-08-23,0.3996,Médio,Ativo (28d),5,17,0.0,0.0,412.0,0.0,3.0,0.0,6.0,0.75,201.0,2.0,0.0,0.0,0.0,2.0,0.869,0.0,412,3,3,2026-07-27,2026-08-06,17 dias sem acesso,queda de 100% nos acessos da semana vs. média do mês,nenhum acesso nas últimas 2 semanas,17 dias sem acesso | queda de 100% nos acessos da semana vs. média do mês | nenhum acesso nas últimas 2 semanas,Nudge automático (e-mail/WhatsApp) com resumo do que falta na fase e convite para live de dúvidas
Aluno 0151,2026-08-23,0.3126,Médio,Inativo 29–60d,4,33,0.0,0.0,0.0,0.0,0.0,0.0,11.0,1.0,0.0,0.0,0.0,0.0,0.0,2.0,0.0,0.0,316,25,27,2026-02-09,2026-07-21,33 dias sem acesso,nenhum acesso nos últimos 28 dias,ativo em apenas 2 das últimas 8 semanas,33 dias sem acesso | nenhum acesso nos últimos 28 dias | ativo em apenas 2 das últimas 8 semanas,Mensagem automática de reengajamento + lembrete de prazo da fase
Aluno 0022,2026-08-23,0.2719,Baixo,Ativo (28d),5,9,0.0,12.0,281.0,0.0,5.0,0.0,2.0,0.25,137.0,2.0,1.0,0.0,0.0,2.0,0.004,0.0,281,5,2,2026-08-03,2026-08-14,9 dias sem acesso,queda de 100% nos acessos da semana vs. média do mês,parado no capítulo 2 de 8 da Fase 5,9 dias sem acesso | queda de 100% nos acessos da semana vs. média do mês | parado no capítulo 2 de 8 da Fase 5,Acompanhamento padrão; lembrete de conclusão do questionário pendente
Aluno 0016,2026-08-23,0.2665,Baixo,Ativo (28d),3,10,0.0,30.0,778.0,0.0,2.0,0.0,10.0,1.0,372.0,30.0,28.0,6.0,0.0,2.0,0.738,0.0,778,2,2,2026-08-07,2026-08-13,10 dias sem acesso,queda de 100% nos acessos da semana vs. média do mês,apenas 2 dia(s) ativo(s) no último mês,10 dias sem acesso | queda de 100% nos acessos da semana vs. média do mês | apenas 2 dia(s) ativo(s) no último mês,Acompanhamento padrão; lembrete de conclusão do questionário pendente
Aluno 0147,2026-08-23,0.2545,Baixo,Ativo (28d),5,5,4.0,4.0,4.0,1.0,1.0,2.0,0.0,0.0,0.0,0.0,0.0,0.0,0.0,2.0,1.0,0.0,159,12,27,2026-02-10,2026-08-18,parado no capítulo 0 de 8 da Fase 5,nenhum capítulo acessado na Fase 5,apenas 1 dia(s) ativo(s) no último mês,parado no capítulo 0 de 8 da Fase 5 | nenhum capítulo acessado na Fase 5 | apenas 1 dia(s) ativo(s) no último mês,Acompanhamento padrão; lembrete de conclusão do questionário pendente
Aluno 0028,2026-08-23,0.2123,Baixo,Ativo (28d),5,14,0.0,0.0,4.0,0.0,3.0,0.0,0.0,0.0,0.0,0.0,0.0,0.0,0.0,3.0,1.0,0.5,39,11,17,2026-04-25,2026-08-09,14 dias sem acesso,nenhum acesso nas últimas 2 semanas,parado no capítulo 0 de 8 da Fase 5,14 dias sem acesso | nenhum acesso nas últimas 2 semanas | parado no capítulo 0 de 8 da Fase 5,Acompanhamento padrão; lembrete de conclusão do questionário pendente
Aluno 0060,2026-08-23,0.2101,Baixo,Ativo (28d),5,4,2.0,163.0,176.0,1.0,7.0,0.044,8.0,1.0,93.0,8.0,7.0,7.0,0.0,7.0,0.051,0.006,877,37,27,2026-02-09,2026-08-19,queda de 95% nos acessos da semana vs. média do mês,,,queda de 95% nos acessos da semana vs. média do mês,Acompanhamento padrão (sem ação imediata)
Aluno 0032,2026-08-23,0.2076,Baixo,Ativo (28d),5,2,204.0,206.0,206.0,1.0,2.0,3.886,1.0,0.125,102.0,1.0,0.0,0.0,0.0,4.0,0.199,0.0,1597,17,25,2026-02-24,2026-08-21,parado no capítulo 1 de 8 da Fase 5,apenas 2 dia(s) ativo(s) no último mês,nenhum questionário no último mês,parado no capítulo 1 de 8 da Fase 5 | apenas 2 dia(s) ativo(s) no último mês | nenhum questionário no último mês,Acompanhamento padrão; lembrete de conclusão do questionário pendente
Aluno 0114,2026-08-23,0.1947,Baixo,Ativo (28d),5,5,1.0,1.0,1.0,1.0,1.0,0.8,0.0,0.0,0.0,0.0,0.0,0.0,0.0,2.0,0.0,0.0,439,22,27,2026-02-09,2026-08-18,parado no capítulo 0 de 8 da Fase 5,nenhum capítulo acessado na Fase 5,apenas 1 dia(s) ativo(s) no último mês,parado no capítulo 0 de 8 da Fase 5 | nenhum capítulo acessado na Fase 5 | apenas 1 dia(s) ativo(s) no último mês,Acompanhamento padrão; lembrete de conclusão do questionário pendente
Aluno 0024,2026-08-23,0.1898,Baixo,Inativo 29–60d,4,30,0.0,0.0,0.0,0.0,0.0,0.0,11.0,1.0,0.0,0.0,0.0,0.0,0.0,2.0,0.0,0.0,556,23,28,2026-02-08,2026-07-24,30 dias sem acesso,nenhum acesso nos últimos 28 dias,ativo em apenas 2 das últimas 8 semanas,30 dias sem acesso | nenhum acesso nos últimos 28 dias | ativo em apenas 2 das últimas 8 semanas,Acompanhamento padrão (sem ação imediata)
Aluno 0158,2026-08-23,0.1747,Baixo,Ativo (28d),5,4,3.0,23.0,24.0,1.0,4.0,0.429,0.0,0.0,0.0,0.0,0.0,0.0,6.0,4.0,0.0,0.0,338,30,27,2026-02-09,2026-08-19,queda de 50% nos acessos da semana vs. média do mês,parado no capítulo 0 de 8 da Fase 5,nenhum capítulo acessado na Fase 5,queda de 50% nos acessos da semana vs. média do mês | parado no capítulo 0 de 8 da Fase 5 | nenhum capítulo acessado na Fase 5,Acompanhamento padrão; lembrete de conclusão do questionário pendente
Aluno 0077,2026-08-23,0.1721,Baixo,Ativo (28d),5,5,549.0,719.0,719.0,1.0,2.0,3.037,8.0,1.0,352.0,8.0,7.0,4.0,0.0,3.0,0.236,0.0,2198,21,23,2026-03-10,2026-08-18,apenas 2 dia(s) ativo(s) no último mês,ativo em apenas 3 das últimas 8 semanas,3 questionário(s) iniciado(s) sem entrega,apenas 2 dia(s) ativo(s) no último mês | ativo em apenas 3 das últimas 8 semanas | 3 questionário(s) iniciado(s) sem entrega,Acompanhamento padrão; lembrete de conclusão do questionário pendente
Aluno 0120,2026-08-23,0.169,Baixo,Ativo (28d),5,0,1.0,22.0,22.0,1.0,2.0,0.154,4.0,0.5,15.0,1.0,0.0,0.0,0.0,4.0,1.0,0.045,233,26,27,2026-02-09,2026-08-23,queda de 82% nos acessos da semana vs. média do mês,apenas 2 dia(s) ativo(s) no último mês,no capítulo 4 de 8 da Fase 5,queda de 82% nos acessos da semana vs. média do mês | apenas 2 dia(s) ativo(s) no último mês | no capítulo 4 de 8 da Fase 5,Acompanhamento padrão; lembrete de conclusão do questionário pendente
Aluno 0138,2026-08-23,0.1374,Baixo,Ativo (28d),5,6,34.0,2017.0,2091.0,1.0,4.0,0.065,2.0,0.25,1042.0,2.0,1.0,0.0,0.0,4.0,0.322,0.948,7845,42,27,2026-02-10,2026-08-17,queda de 93% nos acessos da semana vs. média do mês,parado no capítulo 2 de 8 da Fase 5,1 questionário(s) iniciado(s) sem entrega,queda de 93% nos acessos da semana vs. média do mês | parado no capítulo 2 de 8 da Fase 5 | 1 questionário(s) iniciado(s) sem entrega,Acompanhamento padrão; lembrete de conclusão do questionário pendente
Aluno 0134,2026-08-23,0.1368,Baixo,Ativo (28d),5,9,0.0,31.0,32.0,0.0,3.0,0.0,7.0,0.875,8.0,5.0,4.0,0.0,0.0,4.0,0.031,0.0,563,36,27,2026-02-10,2026-08-14,9 dias sem acesso,queda de 100% nos acessos da semana vs. média do mês,4 questionário(s) iniciado(s) sem entrega,9 dias sem acesso | queda de 100% nos acessos da semana vs. média do mês | 4 questionário(s) iniciado(s) sem entrega,Acompanhamento padrão; lembrete de conclusão do questionário pendente
Aluno 0018,2026-08-23,0.1284,Baixo,Ativo (28d),5,4,5.0,667.0,667.0,1.0,4.0,0.03,5.0,0.625,528.0,5.0,5.0,5.0,0.0,2.0,0.405,0.0,667,4,1,2026-08-11,2026-08-19,queda de 97% nos acessos da semana vs. média do mês,ativo em apenas 2 das últimas 8 semanas,no capítulo 5 de 8 da Fase 5,queda de 97% nos acessos da semana vs. média do mês | ativo em apenas 2 das últimas 8 semanas | no capítulo 5 de 8 da Fase 5,Acompanhamento padrão (sem ação imediata)
Aluno 0129,2026-08-23,0.1269,Baixo,Ativo (28d),5,3,2.0,2.0,2.0,1.0,1.0,1.333,1.0,0.125,1.0,1.0,0.0,0.0,0.0,2.0,0.0,0.0,934,29,24,2026-03-04,2026-08-20,parado no capítulo 1 de 8 da Fase 5,apenas 1 dia(s) ativo(s) no último mês,ativo em apenas 2 das últimas 8 semanas,parado no capítulo 1 de 8 da Fase 5 | apenas 1 dia(s) ativo(s) no último mês | ativo em apenas 2 das últimas 8 semanas,Acompanhamento padrão; lembrete de conclusão do questionário pendente
Aluno 0142,2026-08-23,0.1267,Baixo,Ativo (28d),5,17,0.0,0.0,2.0,0.0,2.0,0.0,0.0,0.0,0.0,0.0,0.0,0.0,0.0,3.0,0.5,0.0,624,24,25,2026-03-01,2026-08-06,17 dias sem acesso,nenhum acesso nas últimas 2 semanas,parado no capítulo 0 de 8 da Fase 5,17 dias sem acesso | nenhum acesso nas últimas 2 semanas | parado no capítulo 0 de 8 da Fase 5,Acompanhamento padrão; lembrete de conclusão do questionário pendente
Aluno 0011,2026-08-23,0.1241,Baixo,Ativo (28d),5,3,581.0,774.0,779.0,2.0,7.0,2.968,5.0,0.625,390.0,5.0,4.0,3.0,0.0,3.0,0.389,0.236,779,7,2,2026-08-06,2026-08-20,ativo em apenas 3 das últimas 8 semanas,no capítulo 5 de 8 da Fase 5,1 questionário(s) iniciado(s) sem entrega,ativo em apenas 3 das últimas 8 semanas | no capítulo 5 de 8 da Fase 5 | 1 questionário(s) iniciado(s) sem entrega,Acompanhamento padrão; lembrete de conclusão do questionário pendente
Aluno 0124,2026-08-23,0.1229,Baixo,Ativo (28d),5,5,658.0,658.0,662.0,2.0,5.0,3.952,8.0,1.0,321.0,8.0,8.0,6.0,0.0,3.0,0.278,0.0,2692,46,27,2026-02-09,2026-08-18,ativo em apenas 3 das últimas 8 semanas,2 questionário(s) iniciado(s) sem entrega,,ativo em apenas 3 das últimas 8 semanas | 2 questionário(s) iniciado(s) sem entrega,Acompanhamento padrão; lembrete de conclusão do questionário pendente
Aluno 0159,2026-08-23,0.117,Baixo,Ativo (28d),5,5,4.0,4.0,4.0,1.0,1.0,2.0,0.0,0.0,0.0,0.0,0.0,0.0,0.0,1.0,0.0,0.0,265,23,25,2026-02-25,2026-08-18,parado no capítulo 0 de 8 da Fase 5,nenhum capítulo acessado na Fase 5,apenas 1 dia(s) ativo(s) no último mês,parado no capítulo 0 de 8 da Fase 5 | nenhum capítulo acessado na Fase 5 | apenas 1 dia(s) ativo(s) no último mês,Acompanhamento padrão; lembrete de conclusão do questionário pendente
Aluno 0169,2026-08-23,0.107,Baixo,Inativo 29–60d,4,37,0.0,0.0,0.0,0.0,0.0,0.0,2.0,0.182,0.0,0.0,0.0,0.0,0.0,3.0,0.0,0.0,2433,49,25,2026-02-26,2026-07-17,37 dias sem acesso,nenhum acesso nos últimos 28 dias,parado no capítulo 2 de 11 da Fase 4,37 dias sem acesso | nenhum acesso nos últimos 28 dias | parado no capítulo 2 de 11 da Fase 4,Acompanhamento padrão (sem ação imediata)
Aluno 0068,2026-08-23,0.1046,Baixo,Ativo (28d),5,11,0.0,1.0,1.0,0.0,1.0,0.0,0.0,0.0,0.0,0.0,0.0,0.0,0.0,1.0,0.0,0.0,1238,14,24,2026-03-05,2026-08-12,11 dias sem acesso,parado no capítulo 0 de 8 da Fase 5,nenhum capítulo acessado na Fase 5,11 dias sem acesso | parado no capítulo 0 de 8 da Fase 5 | nenhum capítulo acessado na Fase 5,Acompanhamento padrão; lembrete de conclusão do questionário pendente
Aluno 0131,2026-08-23,0.0939,Baixo,Ativo (28d),5,3,1370.0,1371.0,1424.0,1.0,5.0,3.838,8.0,1.0,675.0,8.0,8.0,8.0,0.0,6.0,0.0,0.0,5093,31,27,2026-02-09,2026-08-20,sem sinais de alerta: acesso regular e progressão em dia,,,sem sinais de alerta: acesso regular e progressão em dia,Acompanhamento padrão (sem ação imediata)
Aluno 0130,2026-08-23,0.0927,Baixo,Ativo (28d),5,4,1384.0,1386.0,1417.0,1.0,6.0,3.896,8.0,1.0,682.0,8.0,9.0,9.0,0.0,6.0,0.001,0.0,5436,26,27,2026-02-10,2026-08-19,sem sinais de alerta: acesso regular e progressão em dia,,,sem sinais de alerta: acesso regular e progressão em dia,Acompanhamento padrão (sem ação imediata)
Aluno 0050,2026-08-23,0.0837,Baixo,Ativo (28d),5,4,1.0,1.0,8.0,1.0,2.0,0.333,0.0,0.0,3.0,2.0,0.0,0.0,0.0,3.0,0.125,0.0,1240,19,22,2026-03-19,2026-08-19,parado no capítulo 0 de 8 da Fase 5,nenhum capítulo acessado na Fase 5,apenas 2 dia(s) ativo(s) no último mês,parado no capítulo 0 de 8 da Fase 5 | nenhum capítulo acessado na Fase 5 | apenas 2 dia(s) ativo(s) no último mês,Acompanhamento padrão; lembrete de conclusão do questionário pendente
Aluno 0125,2026-08-23,0.0819,Baixo,Ativo (28d),5,12,0.0,488.0,970.0,0.0,3.0,0.0,3.0,0.375,482.0,2.0,2.0,2.0,0.0,3.0,0.193,0.0,3191,46,27,2026-02-09,2026-08-11,12 dias sem acesso,queda de 100% nos acessos da semana vs. média do mês,parado no capítulo 3 de 8 da Fase 5,12 dias sem acesso | queda de 100% nos acessos da semana vs. média do mês | parado no capítulo 3 de 8 da Fase 5,Acompanhamento padrão (sem ação imediata)
Aluno 0096,2026-08-23,0.0797,Baixo,Ativo (28d),5,5,61.0,62.0,70.0,2.0,7.0,3.297,2.0,0.25,27.0,2.0,1.0,1.0,0.0,3.0,0.886,0.014,1713,33,27,2026-02-09,2026-08-18,parado no capítulo 2 de 8 da Fase 5,ativo em apenas 3 das últimas 8 semanas,,parado no capítulo 2 de 8 da Fase 5 | ativo em apenas 3 das últimas 8 semanas,Acompanhamento padrão (sem ação imediata)
Aluno 0152,2026-08-23,0.0797,Baixo,Ativo (28d),5,0,2.0,2.0,9.0,2.0,4.0,0.615,0.0,0.0,0.0,0.0,0.0,0.0,0.0,3.0,0.0,0.111,314,36,27,2026-02-11,2026-08-23,parado no capítulo 0 de 8 da Fase 5,nenhum capítulo acessado na Fase 5,ativo em apenas 3 das últimas 8 semanas,parado no capítulo 0 de 8 da Fase 5 | nenhum capítulo acessado na Fase 5 | ativo em apenas 3 das últimas 8 semanas,Acompanhamento padrão; lembrete de conclusão do questionário pendente
Aluno 0036,2026-08-23,0.079,Baixo,Ativo (28d),5,2,3.0,3.0,405.0,2.0,3.0,0.029,8.0,1.0,202.0,8.0,3.0,0.0,0.0,2.0,0.388,0.0,2088,49,27,2026-02-09,2026-08-21,queda de 97% nos acessos da semana vs. média do mês,ativo em apenas 2 das últimas 8 semanas,3 questionário(s) iniciado(s) sem entrega,queda de 97% nos acessos da semana vs. média do mês | ativo em apenas 2 das últimas 8 semanas | 3 questionário(s) iniciado(s) sem entrega,Acompanhamento padrão; lembrete de conclusão do questionário pendente
Aluno 0091,2026-08-23,0.0704,Baixo,Ativo (28d),5,10,0.0,1.0,5.0,0.0,2.0,0.0,1.0,0.125,1.0,1.0,0.0,0.0,0.0,3.0,0.0,0.0,588,28,27,2026-02-09,2026-08-13,10 dias sem acesso,parado no capítulo 1 de 8 da Fase 5,apenas 2 dia(s) ativo(s) no último mês,10 dias sem acesso | parado no capítulo 1 de 8 da Fase 5 | apenas 2 dia(s) ativo(s) no último mês,Acompanhamento padrão; lembrete de conclusão do questionário pendente
Aluno 0067,2026-08-23,0.0697,Baixo,Ativo (28d),5,6,1.0,5.0,7.0,1.0,4.0,0.364,0.0,0.0,0.0,0.0,0.0,0.0,0.0,4.0,0.429,0.286,1459,19,27,2026-02-10,2026-08-17,parado no capítulo 0 de 8 da Fase 5,nenhum capítulo acessado na Fase 5,acessou mas não avançou em nenhum conteúdo no mês,parado no capítulo 0 de 8 da Fase 5 | nenhum capítulo acessado na Fase 5 | acessou mas não avançou em nenhum conteúdo no mês,Acompanhamento padrão; lembrete de conclusão do questionário pendente
Aluno 0153,2026-08-23,0.0697,Baixo,Ativo (28d),5,5,38.0,38.0,39.0,1.0,2.0,3.535,2.0,0.25,16.0,2.0,1.0,0.0,0.0,5.0,0.974,0.0,424,29,27,2026-02-09,2026-08-18,parado no capítulo 2 de 8 da Fase 5,apenas 2 dia(s) ativo(s) no último mês,1 questionário(s) iniciado(s) sem entrega,parado no capítulo 2 de 8 da Fase 5 | apenas 2 dia(s) ativo(s) no último mês | 1 questionário(s) iniciado(s) sem entrega,Acompanhamento padrão; lembrete de conclusão do questionário pendente
Aluno 0088,2026-08-23,0.0688,Baixo,Ativo (28d),5,4,2.0,2.0,3.0,1.0,2.0,1.143,0.0,0.0,0.0,0.0,0.0,0.0,0.0,4.0,0.0,0.333,879,38,26,2026-02-18,2026-08-19,parado no capítulo 0 de 8 da Fase 5,nenhum capítulo acessado na Fase 5,apenas 2 dia(s) ativo(s) no último mês,parado no capítulo 0 de 8 da Fase 5 | nenhum capítulo acessado na Fase 5 | apenas 2 dia(s) ativo(s) no último mês,Acompanhamento padrão; lembrete de conclusão do questionário pendente
Aluno 0030,2026-08-23,0.061,Baixo,Ativo (28d),5,0,229.0,236.0,236.0,6.0,8.0,3.817,4.0,0.5,115.0,4.0,2.0,2.0,0.0,4.0,0.78,0.085,2012,45,21,2026-03-23,2026-08-23,no capítulo 4 de 8 da Fase 5,ativo em 4 das últimas 8 semanas,,no capítulo 4 de 8 da Fase 5 | ativo em 4 das últimas 8 semanas,Acompanhamento padrão (sem ação imediata)
Aluno 0157,2026-08-23,0.0572,Baixo,Ativo (28d),5,9,0.0,3.0,10.0,0.0,6.0,0.0,4.0,0.5,1.0,1.0,0.0,0.0,0.0,6.0,0.1,0.0,1937,44,27,2026-02-09,2026-08-14,9 dias sem acesso,no capítulo 4 de 8 da Fase 5,nenhum questionário no último mês,9 dias sem acesso | no capítulo 4 de 8 da Fase 5 | nenhum questionário no último mês,Acompanhamento padrão; lembrete de conclusão do questionário pendente
Aluno 0141,2026-08-23,0.0572,Baixo,Ativo (28d),5,3,5.0,5.0,6.0,2.0,3.0,2.0,7.0,0.875,1.0,1.0,1.0,0.0,0.0,4.0,0.0,0.0,294,41,27,2026-02-09,2026-08-20,1 questionário(s) iniciado(s) sem entrega,ativo em 4 das últimas 8 semanas,,1 questionário(s) iniciado(s) sem entrega | ativo em 4 das últimas 8 semanas,Acompanhamento padrão; lembrete de conclusão do questionário pendente
Aluno 0135,2026-08-23,0.0555,Baixo,Ativo (28d),5,6,1.0,524.0,531.0,1.0,4.0,0.007,2.0,0.25,397.0,2.0,1.0,0.0,0.0,5.0,0.996,0.0,4600,35,26,2026-02-18,2026-08-17,queda de 99% nos acessos da semana vs. média do mês,parado no capítulo 2 de 8 da Fase 5,1 questionário(s) iniciado(s) sem entrega,queda de 99% nos acessos da semana vs. média do mês | parado no capítulo 2 de 8 da Fase 5 | 1 questionário(s) iniciado(s) sem entrega,Acompanhamento padrão; lembrete de conclusão do questionário pendente
Aluno 0095,2026-08-23,0.0545,Baixo,Ativo (28d),4,25,0.0,0.0,1.0,0.0,1.0,0.0,11.0,1.0,0.0,0.0,0.0,0.0,0.0,2.0,0.0,0.0,387,38,27,2026-02-09,2026-07-29,25 dias sem acesso,nenhum acesso nas últimas 2 semanas,apenas 1 dia(s) ativo(s) no último mês,25 dias sem acesso | nenhum acesso nas últimas 2 semanas | apenas 1 dia(s) ativo(s) no último mês,Acompanhamento padrão; lembrete de conclusão do questionário pendente
Aluno 0038,2026-08-23,0.0511,Baixo,Ativo (28d),5,11,0.0,3.0,7.0,0.0,2.0,0.0,0.0,0.0,0.0,0.0,0.0,0.0,0.0,3.0,0.286,0.0,599,32,28,2026-02-08,2026-08-12,11 dias sem acesso,parado no capítulo 0 de 8 da Fase 5,nenhum capítulo acessado na Fase 5,11 dias sem acesso | parado no capítulo 0 de 8 da Fase 5 | nenhum capítulo acessado na Fase 5,Acompanhamento padrão; lembrete de conclusão do questionário pendente
Aluno 0007,2026-08-23,0.0477,Baixo,Ativo (28d),5,3,354.0,546.0,547.0,3.0,7.0,2.57,8.0,1.0,269.0,9.0,4.0,0.0,0.0,7.0,0.709,0.002,1647,43,27,2026-02-09,2026-08-20,4 questionário(s) iniciado(s) sem entrega,,,4 questionário(s) iniciado(s) sem entrega,Acompanhamento padrão; lembrete de conclusão do questionário pendente
Aluno 0086,2026-08-23,0.0458,Baixo,Ativo (28d),4,23,0.0,0.0,2.0,0.0,2.0,0.0,11.0,1.0,0.0,0.0,0.0,0.0,0.0,4.0,0.0,0.0,457,52,25,2026-02-23,2026-07-31,23 dias sem acesso,nenhum acesso nas últimas 2 semanas,apenas 2 dia(s) ativo(s) no último mês,23 dias sem acesso | nenhum acesso nas últimas 2 semanas | apenas 2 dia(s) ativo(s) no último mês,Acompanhamento padrão; lembrete de conclusão do questionário pendente
Aluno 0041,2026-08-23,0.0456,Baixo,Ativo (28d),5,3,2279.0,2279.0,2281.0,4.0,5.0,3.989,3.0,0.375,1136.0,3.0,2.0,1.0,0.0,4.0,0.313,0.0,14690,76,27,2026-02-09,2026-08-20,parado no capítulo 3 de 8 da Fase 5,1 questionário(s) iniciado(s) sem entrega,ativo em 4 das últimas 8 semanas,parado no capítulo 3 de 8 da Fase 5 | 1 questionário(s) iniciado(s) sem entrega | ativo em 4 das últimas 8 semanas,Acompanhamento padrão; lembrete de conclusão do questionário pendente
Aluno 0107,2026-08-23,0.0448,Baixo,Ativo (28d),5,3,1.0,213.0,287.0,1.0,5.0,0.014,3.0,0.375,138.0,2.0,3.0,2.0,0.0,5.0,0.997,0.0,1671,47,27,2026-02-10,2026-08-20,queda de 99% nos acessos da semana vs. média do mês,parado no capítulo 3 de 8 da Fase 5,1 questionário(s) iniciado(s) sem entrega,queda de 99% nos acessos da semana vs. média do mês | parado no capítulo 3 de 8 da Fase 5 | 1 questionário(s) iniciado(s) sem entrega,Acompanhamento padrão; lembrete de conclusão do questionário pendente
Aluno 0112,2026-08-23,0.0439,Baixo,Ativo (28d),5,1,1.0,1.0,4.0,1.0,4.0,0.5,0.0,0.0,0.0,0.0,0.0,0.0,0.0,3.0,0.25,0.75,231,22,27,2026-02-09,2026-08-22,parado no capítulo 0 de 8 da Fase 5,nenhum capítulo acessado na Fase 5,ativo em apenas 3 das últimas 8 semanas,parado no capítulo 0 de 8 da Fase 5 | nenhum capítulo acessado na Fase 5 | ativo em apenas 3 das últimas 8 semanas,Acompanhamento padrão; lembrete de conclusão do questionário pendente
Aluno 0021,2026-08-23,0.0413,Baixo,Ativo (28d),5,6,2.0,6.0,524.0,1.0,5.0,0.015,8.0,1.0,422.0,9.0,10.0,10.0,0.0,7.0,0.0,0.0,8760,55,26,2026-02-16,2026-08-17,queda de 98% nos acessos da semana vs. média do mês,,,queda de 98% nos acessos da semana vs. média do mês,Acompanhamento padrão (sem ação imediata)
Aluno 0098,2026-08-23,0.0397,Baixo,Ativo (28d),5,7,0.0,1.0,7.0,0.0,3.0,0.0,8.0,1.0,0.0,1.0,1.0,0.0,0.0,5.0,0.714,0.143,1841,34,28,2026-02-08,2026-08-16,7 dias sem acesso,1 questionário(s) iniciado(s) sem entrega,acessou mas não avançou em nenhum conteúdo no mês,7 dias sem acesso | 1 questionário(s) iniciado(s) sem entrega | acessou mas não avançou em nenhum conteúdo no mês,Acompanhamento padrão; lembrete de conclusão do questionário pendente
Aluno 0139,2026-08-23,0.0386,Baixo,Ativo (28d),5,11,0.0,1.0,2.0,0.0,2.0,0.0,0.0,0.0,0.0,0.0,0.0,0.0,0.0,2.0,0.5,0.5,4889,25,27,2026-02-09,2026-08-12,11 dias sem acesso,parado no capítulo 0 de 8 da Fase 5,nenhum capítulo acessado na Fase 5,11 dias sem acesso | parado no capítulo 0 de 8 da Fase 5 | nenhum capítulo acessado na Fase 5,Acompanhamento padrão; lembrete de conclusão do questionário pendente
Aluno 0104,2026-08-23,0.0385,Baixo,Ativo (28d),5,3,5.0,139.0,141.0,2.0,6.0,0.138,8.0,1.0,55.0,8.0,9.0,9.0,0.0,6.0,0.121,0.085,1187,60,28,2026-02-08,2026-08-20,queda de 86% nos acessos da semana vs. média do mês,,,queda de 86% nos acessos da semana vs. média do mês,Acompanhamento padrão (sem ação imediata)
Aluno 0043,2026-08-23,0.038,Baixo,Ativo (28d),5,0,138.0,138.0,139.0,3.0,4.0,3.86,4.0,0.5,68.0,1.0,1.0,0.0,0.0,4.0,0.662,0.317,18517,105,28,2026-02-08,2026-08-23,no capítulo 4 de 8 da Fase 5,1 questionário(s) iniciado(s) sem entrega,ativo em 4 das últimas 8 semanas,no capítulo 4 de 8 da Fase 5 | 1 questionário(s) iniciado(s) sem entrega | ativo em 4 das últimas 8 semanas,Acompanhamento padrão; lembrete de conclusão do questionário pendente
Aluno 0100,2026-08-23,0.0377,Baixo,Ativo (28d),5,1,75.0,75.0,76.0,1.0,2.0,3.75,2.0,0.25,71.0,1.0,0.0,0.0,0.0,4.0,0.013,0.987,1790,32,27,2026-02-09,2026-08-22,parado no capítulo 2 de 8 da Fase 5,apenas 2 dia(s) ativo(s) no último mês,nenhum questionário no último mês,parado no capítulo 2 de 8 da Fase 5 | apenas 2 dia(s) ativo(s) no último mês | nenhum questionário no último mês,Acompanhamento padrão; lembrete de conclusão do questionário pendente
Aluno 0118,2026-08-23,0.0368,Baixo,Ativo (28d),5,6,705.0,2900.0,2904.0,1.0,6.0,0.97,2.0,0.25,1448.0,2.0,1.0,0.0,0.0,6.0,0.207,0.756,5409,59,27,2026-02-12,2026-08-17,parado no capítulo 2 de 8 da Fase 5,1 questionário(s) iniciado(s) sem entrega,,parado no capítulo 2 de 8 da Fase 5 | 1 questionário(s) iniciado(s) sem entrega,Acompanhamento padrão; lembrete de conclusão do questionário pendente
Aluno 0079,2026-08-23,0.0357,Baixo,Ativo (28d),5,1,1.0,3.0,304.0,1.0,5.0,0.013,8.0,1.0,233.0,8.0,7.0,7.0,0.0,6.0,0.98,0.003,3622,31,24,2026-03-04,2026-08-22,queda de 99% nos acessos da semana vs. média do mês,,,queda de 99% nos acessos da semana vs. média do mês,Acompanhamento padrão (sem ação imediata)
Aluno 0013,2026-08-23,0.0355,Baixo,Ativo (28d),5,7,0.0,11.0,13.0,0.0,5.0,0.0,0.0,0.0,1.0,1.0,0.0,0.0,0.0,4.0,0.923,0.615,296,37,27,2026-02-09,2026-08-16,7 dias sem acesso,queda de 100% nos acessos da semana vs. média do mês,parado no capítulo 0 de 8 da Fase 5,7 dias sem acesso | queda de 100% nos acessos da semana vs. média do mês | parado no capítulo 0 de 8 da Fase 5,Acompanhamento padrão; lembrete de conclusão do questionário pendente
Aluno 0082,2026-08-23,0.0349,Baixo,Ativo (28d),5,11,0.0,1.0,13.0,0.0,3.0,0.0,4.0,0.5,4.0,3.0,0.0,0.0,0.0,3.0,0.077,0.0,1528,32,27,2026-02-10,2026-08-12,11 dias sem acesso,queda de 100% nos acessos da semana vs. média do mês,ativo em apenas 3 das últimas 8 semanas,11 dias sem acesso | queda de 100% nos acessos da semana vs. média do mês | ativo em apenas 3 das últimas 8 semanas,Acompanhamento padrão; lembrete de conclusão do questionário pendente
Aluno 0102,2026-08-23,0.0325,Baixo,Ativo (28d),5,7,0.0,3.0,18.0,0.0,3.0,0.0,1.0,0.125,6.0,1.0,0.0,0.0,0.0,6.0,0.167,0.167,535,58,27,2026-02-09,2026-08-16,7 dias sem acesso,queda de 100% nos acessos da semana vs. média do mês,parado no capítulo 1 de 8 da Fase 5,7 dias sem acesso | queda de 100% nos acessos da semana vs. média do mês | parado no capítulo 1 de 8 da Fase 5,Acompanhamento padrão; lembrete de conclusão do questionário pendente
Aluno 0136,2026-08-23,0.0314,Baixo,Ativo (28d),5,2,476.0,476.0,479.0,3.0,5.0,3.942,8.0,1.0,224.0,8.0,10.0,10.0,0.0,4.0,0.875,0.0,1886,52,27,2026-02-09,2026-08-21,ativo em 4 das últimas 8 semanas,,,ativo em 4 das últimas 8 semanas,Acompanhamento padrão (sem ação imediata)
Aluno 0105,2026-08-23,0.0311,Baixo,Ativo (28d),5,10,0.0,4.0,4.0,0.0,3.0,0.0,0.0,0.0,0.0,0.0,0.0,0.0,0.0,2.0,0.75,0.0,311,30,27,2026-02-09,2026-08-13,10 dias sem acesso,parado no capítulo 0 de 8 da Fase 5,nenhum capítulo acessado na Fase 5,10 dias sem acesso | parado no capítulo 0 de 8 da Fase 5 | nenhum capítulo acessado na Fase 5,Acompanhamento padrão; lembrete de conclusão do questionário pendente
Aluno 0003,2026-08-23,0.0302,Baixo,Ativo (28d),5,12,0.0,41.0,89.0,0.0,6.0,0.0,8.0,1.0,40.0,8.0,0.0,0.0,0.0,6.0,0.0,0.0,1633,56,31,2026-01-15,2026-08-11,12 dias sem acesso,queda de 100% nos acessos da semana vs. média do mês,nenhum questionário no último mês,12 dias sem acesso | queda de 100% nos acessos da semana vs. média do mês | nenhum questionário no último mês,Acompanhamento padrão; lembrete de conclusão do questionário pendente
Aluno 0006,2026-08-23,0.0295,Baixo,Ativo (28d),5,2,1919.0,1930.0,1930.0,5.0,6.0,3.969,5.0,0.625,1021.0,48.0,4.0,2.0,0.0,2.0,0.199,0.0,1930,6,1,2026-08-14,2026-08-21,ativo em apenas 2 das últimas 8 semanas,no capítulo 5 de 8 da Fase 5,2 questionário(s) iniciado(s) sem entrega,ativo em apenas 2 das últimas 8 semanas | no capítulo 5 de 8 da Fase 5 | 2 questionário(s) iniciado(s) sem entrega,Acompanhamento padrão; lembrete de conclusão do questionário pendente
Aluno 0164,2026-08-23,0.0288,Baixo,Ativo (28d),4,21,0.0,0.0,1.0,0.0,1.0,0.0,11.0,1.0,0.0,0.0,0.0,0.0,0.0,2.0,0.0,1.0,1269,27,27,2026-02-09,2026-08-02,21 dias sem acesso,nenhum acesso nas últimas 2 semanas,apenas 1 dia(s) ativo(s) no último mês,21 dias sem acesso | nenhum acesso nas últimas 2 semanas | apenas 1 dia(s) ativo(s) no último mês,Acompanhamento padrão; lembrete de conclusão do questionário pendente
Aluno 0113,2026-08-23,0.0282,Baixo,Ativo (28d),5,2,152.0,271.0,754.0,2.0,8.0,0.802,8.0,1.0,358.0,8.0,10.0,9.0,0.0,6.0,0.776,0.308,2559,63,27,2026-02-10,2026-08-21,1 questionário(s) iniciado(s) sem entrega,,,1 questionário(s) iniciado(s) sem entrega,Acompanhamento padrão; lembrete de conclusão do questionário pendente
Aluno 0163,2026-08-23,0.0278,Baixo,Ativo (28d),5,1,3.0,4.0,4.0,2.0,3.0,1.5,0.0,0.0,0.0,0.0,0.0,0.0,0.0,6.0,0.5,0.5,723,56,27,2026-02-10,2026-08-22,parado no capítulo 0 de 8 da Fase 5,nenhum capítulo acessado na Fase 5,acessou mas não avançou em nenhum conteúdo no mês,parado no capítulo 0 de 8 da Fase 5 | nenhum capítulo acessado na Fase 5 | acessou mas não avançou em nenhum conteúdo no mês,Acompanhamento padrão; lembrete de conclusão do questionário pendente
Aluno 0106,2026-08-23,0.0272,Baixo,Ativo (28d),5,6,269.0,269.0,273.0,1.0,4.0,3.884,1.0,0.125,134.0,1.0,0.0,0.0,0.0,5.0,0.0,0.0,4340,56,27,2026-02-09,2026-08-17,parado no capítulo 1 de 8 da Fase 5,nenhum questionário no último mês,ativo em 5 das últimas 8 semanas,parado no capítulo 1 de 8 da Fase 5 | nenhum questionário no último mês | ativo em 5 das últimas 8 semanas,Acompanhamento padrão; lembrete de conclusão do questionário pendente
Aluno 0092,2026-08-23,0.0248,Baixo,Ativo (28d),5,9,0.0,9.0,12.0,0.0,3.0,0.0,0.0,0.0,0.0,0.0,0.0,0.0,0.0,4.0,0.417,0.0,3174,45,27,2026-02-12,2026-08-14,9 dias sem acesso,queda de 100% nos acessos da semana vs. média do mês,parado no capítulo 0 de 8 da Fase 5,9 dias sem acesso | queda de 100% nos acessos da semana vs. média do mês | parado no capítulo 0 de 8 da Fase 5,Acompanhamento padrão; lembrete de conclusão do questionário pendente
Aluno 0039,2026-08-23,0.0237,Baixo,Ativo (28d),5,3,1165.0,1168.0,1169.0,3.0,5.0,3.973,4.0,0.5,578.0,4.0,3.0,2.0,0.0,7.0,0.257,0.0,4380,57,27,2026-02-09,2026-08-20,no capítulo 4 de 8 da Fase 5,1 questionário(s) iniciado(s) sem entrega,,no capítulo 4 de 8 da Fase 5 | 1 questionário(s) iniciado(s) sem entrega,Acompanhamento padrão; lembrete de conclusão do questionário pendente
Aluno 0108,2026-08-23,0.0235,Baixo,Ativo (28d),5,4,3.0,3.0,6.0,2.0,5.0,1.2,0.0,0.0,0.0,0.0,0.0,0.0,0.0,3.0,0.0,0.0,4739,36,27,2026-02-10,2026-08-19,parado no capítulo 0 de 8 da Fase 5,nenhum capítulo acessado na Fase 5,ativo em apenas 3 das últimas 8 semanas,parado no capítulo 0 de 8 da Fase 5 | nenhum capítulo acessado na Fase 5 | ativo em apenas 3 das últimas 8 semanas,Acompanhamento padrão; lembrete de conclusão do questionário pendente
Aluno 0162,2026-08-23,0.0228,Baixo,Ativo (28d),5,3,2.0,4.0,59.0,2.0,8.0,0.127,8.0,1.0,14.0,7.0,10.0,10.0,0.0,8.0,0.085,0.034,551,61,27,2026-02-09,2026-08-20,queda de 86% nos acessos da semana vs. média do mês,,,queda de 86% nos acessos da semana vs. média do mês,Acompanhamento padrão (sem ação imediata)
Aluno 0097,2026-08-23,0.0223,Baixo,Ativo (28d),5,3,71.0,71.0,72.0,1.0,2.0,3.737,2.0,0.25,34.0,2.0,1.0,0.0,0.0,5.0,1.0,0.0,5173,58,27,2026-02-09,2026-08-20,parado no capítulo 2 de 8 da Fase 5,apenas 2 dia(s) ativo(s) no último mês,1 questionário(s) iniciado(s) sem entrega,parado no capítulo 2 de 8 da Fase 5 | apenas 2 dia(s) ativo(s) no último mês | 1 questionário(s) iniciado(s) sem entrega,Acompanhamento padrão; lembrete de conclusão do questionário pendente
Aluno 0066,2026-08-23,0.0223,Baixo,Ativo (28d),5,2,859.0,1202.0,1758.0,4.0,10.0,1.95,2.0,0.25,876.0,2.0,1.0,0.0,0.0,5.0,0.032,0.0,16551,99,27,2026-02-09,2026-08-21,parado no capítulo 2 de 8 da Fase 5,1 questionário(s) iniciado(s) sem entrega,ativo em 5 das últimas 8 semanas,parado no capítulo 2 de 8 da Fase 5 | 1 questionário(s) iniciado(s) sem entrega | ativo em 5 das últimas 8 semanas,Acompanhamento padrão; lembrete de conclusão do questionário pendente
Aluno 0004,2026-08-23,0.0219,Baixo,Ativo (28d),5,0,2.0,8.0,10.0,1.0,3.0,0.571,1.0,0.125,1.0,1.0,0.0,0.0,0.0,4.0,1.0,0.2,349,35,27,2026-02-09,2026-08-23,parado no capítulo 1 de 8 da Fase 5,nenhum questionário no último mês,ativo em 4 das últimas 8 semanas,parado no capítulo 1 de 8 da Fase 5 | nenhum questionário no último mês | ativo em 4 das últimas 8 semanas,Acompanhamento padrão; lembrete de conclusão do questionário pendente
Aluno 0037,2026-08-23,0.0215,Baixo,Ativo (28d),5,4,2.0,17.0,35.0,2.0,12.0,0.205,8.0,1.0,6.0,3.0,3.0,0.0,0.0,7.0,0.0,0.0,536,52,18,2026-04-17,2026-08-19,queda de 77% nos acessos da semana vs. média do mês,3 questionário(s) iniciado(s) sem entrega,,queda de 77% nos acessos da semana vs. média do mês | 3 questionário(s) iniciado(s) sem entrega,Acompanhamento padrão; lembrete de conclusão do questionário pendente
Aluno 0117,2026-08-23,0.0212,Baixo,Ativo (28d),5,4,68.0,219.0,236.0,1.0,7.0,1.133,2.0,0.25,109.0,2.0,1.0,0.0,0.0,8.0,0.979,0.004,1910,55,27,2026-02-09,2026-08-19,parado no capítulo 2 de 8 da Fase 5,1 questionário(s) iniciado(s) sem entrega,,parado no capítulo 2 de 8 da Fase 5 | 1 questionário(s) iniciado(s) sem entrega,Acompanhamento padrão; lembrete de conclusão do questionário pendente
Aluno 0064,2026-08-23,0.0202,Baixo,Ativo (28d),5,1,293.0,437.0,1270.0,2.0,9.0,0.92,8.0,1.0,622.0,7.0,9.0,9.0,0.0,6.0,0.691,0.054,3922,64,27,2026-02-09,2026-08-22,sem sinais de alerta: acesso regular e progressão em dia,,,sem sinais de alerta: acesso regular e progressão em dia,Acompanhamento padrão (sem ação imediata)
Aluno 0149,2026-08-23,0.0199,Baixo,Ativo (28d),5,4,1040.0,1041.0,1043.0,1.0,4.0,3.973,8.0,1.0,510.0,15.0,8.0,8.0,0.0,6.0,0.998,0.0,2393,28,27,2026-02-09,2026-08-19,sem sinais de alerta: acesso regular e progressão em dia,,,sem sinais de alerta: acesso regular e progressão em dia,Acompanhamento padrão (sem ação imediata)
Aluno 0063,2026-08-23,0.0194,Baixo,Ativo (28d),5,5,36.0,39.0,48.0,2.0,7.0,2.769,7.0,0.875,12.0,7.0,5.0,0.0,0.0,7.0,0.0,0.0,653,65,27,2026-02-09,2026-08-18,5 questionário(s) iniciado(s) sem entrega,,,5 questionário(s) iniciado(s) sem entrega,Acompanhamento padrão; lembrete de conclusão do questionário pendente
Aluno 0042,2026-08-23,0.0194,Baixo,Ativo (28d),5,1,98.0,98.0,344.0,3.0,7.0,1.126,8.0,1.0,261.0,7.0,8.0,8.0,0.0,6.0,0.297,0.698,4624,94,27,2026-02-09,2026-08-22,sem sinais de alerta: acesso regular e progressão em dia,,,sem sinais de alerta: acesso regular e progressão em dia,Acompanhamento padrão (sem ação imediata)
Aluno 0033,2026-08-23,0.0194,Baixo,Ativo (28d),5,0,2.0,7.0,14.0,2.0,8.0,0.444,0.0,0.0,0.0,0.0,0.0,0.0,0.0,7.0,0.286,0.143,638,52,28,2026-02-08,2026-08-23,parado no capítulo 0 de 8 da Fase 5,nenhum capítulo acessado na Fase 5,queda de 43% nos acessos da semana vs. média do mês,parado no capítulo 0 de 8 da Fase 5 | nenhum capítulo acessado na Fase 5 | queda de 43% nos acessos da semana vs. média do mês,Acompanhamento padrão; lembrete de conclusão do questionário pendente
Aluno 0075,2026-08-23,0.0192,Baixo,Ativo (28d),5,3,147.0,674.0,674.0,2.0,4.0,0.867,8.0,1.0,326.0,8.0,11.0,10.0,0.0,4.0,0.997,0.0,4985,52,27,2026-02-09,2026-08-20,1 questionário(s) iniciado(s) sem entrega,ativo em 4 das últimas 8 semanas,,1 questionário(s) iniciado(s) sem entrega | ativo em 4 das últimas 8 semanas,Acompanhamento padrão; lembrete de conclusão do questionário pendente
Aluno 0034,2026-08-23,0.0187,Baixo,Ativo (28d),5,1,1.0,5.0,6.0,1.0,3.0,0.4,0.0,0.0,0.0,0.0,0.0,0.0,0.0,5.0,0.5,0.167,4250,37,28,2026-02-08,2026-08-22,parado no capítulo 0 de 8 da Fase 5,nenhum capítulo acessado na Fase 5,acessou mas não avançou em nenhum conteúdo no mês,parado no capítulo 0 de 8 da Fase 5 | nenhum capítulo acessado na Fase 5 | acessou mas não avançou em nenhum conteúdo no mês,Acompanhamento padrão; lembrete de conclusão do questionário pendente
Aluno 0156,2026-08-23,0.0182,Baixo,Ativo (28d),5,12,0.0,1.0,3.0,0.0,2.0,0.0,0.0,0.0,0.0,0.0,0.0,0.0,0.0,3.0,0.333,0.667,5857,47,27,2026-02-09,2026-08-11,12 dias sem acesso,parado no capítulo 0 de 8 da Fase 5,nenhum capítulo acessado na Fase 5,12 dias sem acesso | parado no capítulo 0 de 8 da Fase 5 | nenhum capítulo acessado na Fase 5,Acompanhamento padrão; lembrete de conclusão do questionário pendente
Aluno 0089,2026-08-23,0.0179,Baixo,Ativo (28d),5,3,1.0,1.0,2.0,1.0,2.0,0.667,0.0,0.0,0.0,0.0,0.0,0.0,0.0,3.0,0.5,0.5,4516,43,25,2026-02-26,2026-08-20,parado no capítulo 0 de 8 da Fase 5,nenhum capítulo acessado na Fase 5,apenas 2 dia(s) ativo(s) no último mês,parado no capítulo 0 de 8 da Fase 5 | nenhum capítulo acessado na Fase 5 | apenas 2 dia(s) ativo(s) no último mês,Acompanhamento padrão; lembrete de conclusão do questionário pendente
Aluno 0103,2026-08-23,0.0178,Baixo,Ativo (28d),5,6,59.0,98.0,103.0,1.0,4.0,2.206,3.0,0.375,45.0,3.0,4.0,4.0,0.0,5.0,0.068,0.0,4317,74,27,2026-02-09,2026-08-17,parado no capítulo 3 de 8 da Fase 5,ativo em 5 das últimas 8 semanas,,parado no capítulo 3 de 8 da Fase 5 | ativo em 5 das últimas 8 semanas,Acompanhamento padrão (sem ação imediata)
Aluno 0166,2026-08-23,0.0177,Baixo,Ativo (28d),5,13,0.0,2.0,2.0,0.0,1.0,0.0,0.0,0.0,0.0,0.0,0.0,0.0,0.0,2.0,0.0,0.0,3806,48,27,2026-02-11,2026-08-10,13 dias sem acesso,parado no capítulo 0 de 8 da Fase 5,nenhum capítulo acessado na Fase 5,13 dias sem acesso | parado no capítulo 0 de 8 da Fase 5 | nenhum capítulo acessado na Fase 5,Acompanhamento padrão; lembrete de conclusão do questionário pendente
Aluno 0119,2026-08-23,0.0176,Baixo,Ativo (28d),5,8,0.0,180.0,427.0,0.0,11.0,0.0,8.0,1.0,190.0,9.0,9.0,9.0,7.0,3.0,0.234,0.103,1888,66,27,2026-02-09,2026-08-15,8 dias sem acesso,queda de 100% nos acessos da semana vs. média do mês,ativo em apenas 3 das últimas 8 semanas,8 dias sem acesso | queda de 100% nos acessos da semana vs. média do mês | ativo em apenas 3 das últimas 8 semanas,Acompanhamento padrão (sem ação imediata)
Aluno 0044,2026-08-23,0.0171,Baixo,Ativo (28d),5,5,1.0,1.0,2.0,1.0,2.0,0.667,0.0,0.0,0.0,0.0,0.0,0.0,0.0,4.0,0.0,0.0,1069,69,28,2026-02-06,2026-08-18,parado no capítulo 0 de 8 da Fase 5,nenhum capítulo acessado na Fase 5,apenas 2 dia(s) ativo(s) no último mês,parado no capítulo 0 de 8 da Fase 5 | nenhum capítulo acessado na Fase 5 | apenas 2 dia(s) ativo(s) no último mês,Acompanhamento padrão; lembrete de conclusão do questionário pendente
Aluno 0061,2026-08-23,0.017,Baixo,Ativo (28d),5,5,2.0,8.0,13.0,2.0,6.0,0.471,0.0,0.0,0.0,0.0,0.0,0.0,0.0,8.0,0.462,0.0,352,51,27,2026-02-09,2026-08-18,parado no capítulo 0 de 8 da Fase 5,nenhum capítulo acessado na Fase 5,queda de 38% nos acessos da semana vs. média do mês,parado no capítulo 0 de 8 da Fase 5 | nenhum capítulo acessado na Fase 5 | queda de 38% nos acessos da semana vs. média do mês,Acompanhamento padrão; lembrete de conclusão do questionário pendente
Aluno 0059,2026-08-23,0.0162,Baixo,Ativo (28d),5,3,4.0,6.0,8.0,1.0,4.0,1.333,1.0,0.125,1.0,1.0,0.0,0.0,0.0,7.0,0.5,0.25,2826,53,27,2026-02-09,2026-08-20,parado no capítulo 1 de 8 da Fase 5,nenhum questionário no último mês,,parado no capítulo 1 de 8 da Fase 5 | nenhum questionário no último mês,Acompanhamento padrão; lembrete de conclusão do questionário pendente
Aluno 0101,2026-08-23,0.016,Baixo,Ativo (28d),5,2,3.0,6.0,7.0,1.0,4.0,1.091,0.0,0.0,0.0,0.0,0.0,0.0,0.0,5.0,0.571,0.0,2326,37,25,2026-02-24,2026-08-21,parado no capítulo 0 de 8 da Fase 5,nenhum capítulo acessado na Fase 5,acessou mas não avançou em nenhum conteúdo no mês,parado no capítulo 0 de 8 da Fase 5 | nenhum capítulo acessado na Fase 5 | acessou mas não avançou em nenhum conteúdo no mês,Acompanhamento padrão; lembrete de conclusão do questionário pendente
Aluno 0012,2026-08-23,0.0159,Baixo,Ativo (28d),5,3,54.0,261.0,265.0,2.0,7.0,0.803,0.0,0.0,101.0,9.0,1.0,2.0,0.0,7.0,0.26,0.777,3809,60,25,2026-02-24,2026-08-20,parado no capítulo 0 de 8 da Fase 5,nenhum capítulo acessado na Fase 5,,parado no capítulo 0 de 8 da Fase 5 | nenhum capítulo acessado na Fase 5,Acompanhamento padrão (sem ação imediata)
Aluno 0071,2026-08-23,0.0158,Baixo,Ativo (28d),5,1,130.0,133.0,139.0,4.0,11.0,3.636,8.0,1.0,55.0,7.0,8.0,8.0,0.0,8.0,0.007,0.137,799,79,28,2026-02-08,2026-08-22,sem sinais de alerta: acesso regular e progressão em dia,,,sem sinais de alerta: acesso regular e progressão em dia,Acompanhamento padrão (sem ação imediata)
Aluno 0029,2026-08-23,0.0155,Baixo,Ativo (28d),5,0,2.0,53.0,407.0,1.0,12.0,0.019,8.0,1.0,330.0,7.0,7.0,4.0,0.0,8.0,0.069,0.039,2038,99,27,2026-02-09,2026-08-23,queda de 98% nos acessos da semana vs. média do mês,3 questionário(s) iniciado(s) sem entrega,,queda de 98% nos acessos da semana vs. média do mês | 3 questionário(s) iniciado(s) sem entrega,Acompanhamento padrão; lembrete de conclusão do questionário pendente
Aluno 0078,2026-08-23,0.0153,Baixo,Ativo (28d),5,1,1.0,1.0,2.0,1.0,2.0,0.667,0.0,0.0,0.0,0.0,0.0,0.0,0.0,3.0,0.0,0.5,2614,47,27,2026-02-09,2026-08-22,parado no capítulo 0 de 8 da Fase 5,nenhum capítulo acessado na Fase 5,apenas 2 dia(s) ativo(s) no último mês,parado no capítulo 0 de 8 da Fase 5 | nenhum capítulo acessado na Fase 5 | apenas 2 dia(s) ativo(s) no último mês,Acompanhamento padrão; lembrete de conclusão do questionário pendente
Aluno 0083,2026-08-23,0.0152,Baixo,Ativo (28d),5,3,657.0,661.0,663.0,4.0,7.0,3.94,0.0,0.0,328.0,1.0,0.0,0.0,0.0,4.0,0.468,0.0,5834,52,20,2026-03-31,2026-08-20,parado no capítulo 0 de 8 da Fase 5,nenhum capítulo acessado na Fase 5,nenhum questionário no último mês,parado no capítulo 0 de 8 da Fase 5 | nenhum capítulo acessado na Fase 5 | nenhum questionário no último mês,Acompanhamento padrão; lembrete de conclusão do questionário pendente
Aluno 0145,2026-08-23,0.0144,Baixo,Ativo (28d),5,1,78.0,120.0,265.0,3.0,9.0,1.16,8.0,1.0,134.0,8.0,4.0,4.0,0.0,4.0,0.128,0.004,1838,59,27,2026-02-09,2026-08-22,ativo em 4 das últimas 8 semanas,,,ativo em 4 das últimas 8 semanas,Acompanhamento padrão (sem ação imediata)
Aluno 0053,2026-08-23,0.0135,Baixo,Ativo (28d),5,0,864.0,1307.0,2882.0,3.0,12.0,1.198,8.0,1.0,1433.0,5.0,4.0,2.0,0.0,6.0,0.659,0.319,30967,110,26,2026-02-16,2026-08-23,2 questionário(s) iniciado(s) sem entrega,,,2 questionário(s) iniciado(s) sem entrega,Acompanhamento padrão; lembrete de conclusão do questionário pendente
Aluno 0110,2026-08-23,0.013,Baixo,Ativo (28d),5,2,4.0,4.0,455.0,3.0,11.0,0.035,8.0,1.0,213.0,7.0,7.0,7.0,0.0,7.0,0.011,0.279,995,90,27,2026-02-09,2026-08-21,queda de 96% nos acessos da semana vs. média do mês,,,queda de 96% nos acessos da semana vs. média do mês,Acompanhamento padrão (sem ação imediata)
Aluno 0094,2026-08-23,0.0129,Baixo,Ativo (28d),5,1,5.0,5.0,12.0,3.0,7.0,1.25,0.0,0.0,0.0,0.0,0.0,0.0,0.0,5.0,0.5,0.25,1089,65,27,2026-02-09,2026-08-22,parado no capítulo 0 de 8 da Fase 5,nenhum capítulo acessado na Fase 5,acessou mas não avançou em nenhum conteúdo no mês,parado no capítulo 0 de 8 da Fase 5 | nenhum capítulo acessado na Fase 5 | acessou mas não avançou em nenhum conteúdo no mês,Acompanhamento padrão; lembrete de conclusão do questionário pendente
Aluno 0040,2026-08-23,0.0124,Baixo,Ativo (28d),5,1,3.0,4.0,5.0,3.0,5.0,1.333,0.0,0.0,0.0,0.0,0.0,0.0,0.0,4.0,0.4,0.2,2768,50,16,2026-04-29,2026-08-22,parado no capítulo 0 de 8 da Fase 5,nenhum capítulo acessado na Fase 5,acessou mas não avançou em nenhum conteúdo no mês,parado no capítulo 0 de 8 da Fase 5 | nenhum capítulo acessado na Fase 5 | acessou mas não avançou em nenhum conteúdo no mês,Acompanhamento padrão; lembrete de conclusão do questionário pendente
Aluno 0069,2026-08-23,0.012,Baixo,Ativo (28d),5,5,6.0,8.0,105.0,2.0,11.0,0.22,8.0,1.0,3.0,8.0,8.0,8.0,7.0,6.0,0.105,0.229,4605,86,27,2026-02-09,2026-08-18,queda de 77% nos acessos da semana vs. média do mês,,,queda de 77% nos acessos da semana vs. média do mês,Acompanhamento padrão (sem ação imediata)
Aluno 0084,2026-08-23,0.0116,Baixo,Ativo (28d),5,2,2.0,4.0,14.0,2.0,9.0,0.444,1.0,0.125,1.0,1.0,0.0,0.0,0.0,7.0,0.286,0.429,1350,67,27,2026-02-09,2026-08-21,parado no capítulo 1 de 8 da Fase 5,queda de 43% nos acessos da semana vs. média do mês,nenhum questionário no último mês,parado no capítulo 1 de 8 da Fase 5 | queda de 43% nos acessos da semana vs. média do mês | nenhum questionário no último mês,Acompanhamento padrão; lembrete de conclusão do questionário pendente
Aluno 0058,2026-08-23,0.0115,Baixo,Ativo (28d),5,15,0.0,0.0,3.0,0.0,2.0,0.0,0.0,0.0,0.0,0.0,0.0,0.0,0.0,2.0,0.0,0.667,1384,35,27,2026-02-09,2026-08-08,15 dias sem acesso,nenhum acesso nas últimas 2 semanas,parado no capítulo 0 de 8 da Fase 5,15 dias sem acesso | nenhum acesso nas últimas 2 semanas | parado no capítulo 0 de 8 da Fase 5,Acompanhamento padrão; lembrete de conclusão do questionário pendente
Aluno 0087,2026-08-23,0.0114,Baixo,Ativo (28d),5,2,5.0,5.0,126.0,3.0,7.0,0.154,0.0,0.0,59.0,1.0,0.0,0.0,0.0,3.0,0.31,0.0,4541,67,27,2026-02-09,2026-08-21,queda de 84% nos acessos da semana vs. média do mês,parado no capítulo 0 de 8 da Fase 5,nenhum capítulo acessado na Fase 5,queda de 84% nos acessos da semana vs. média do mês | parado no capítulo 0 de 8 da Fase 5 | nenhum capítulo acessado na Fase 5,Acompanhamento padrão; lembrete de conclusão do questionário pendente
Aluno 0115,2026-08-23,0.0112,Baixo,Ativo (28d),5,1,9.0,24.0,24.0,5.0,11.0,1.286,0.0,0.0,0.0,0.0,0.0,0.0,0.0,5.0,0.125,0.083,492,42,27,2026-02-09,2026-08-22,parado no capítulo 0 de 8 da Fase 5,nenhum capítulo acessado na Fase 5,acessou mas não avançou em nenhum conteúdo no mês,parado no capítulo 0 de 8 da Fase 5 | nenhum capítulo acessado na Fase 5 | acessou mas não avançou em nenhum conteúdo no mês,Acompanhamento padrão; lembrete de conclusão do questionário pendente
Aluno 0072,2026-08-23,0.011,Baixo,Ativo (28d),5,7,0.0,1.0,3.0,0.0,3.0,0.0,0.0,0.0,0.0,0.0,0.0,0.0,0.0,3.0,0.667,0.667,3111,37,27,2026-02-09,2026-08-16,7 dias sem acesso,parado no capítulo 0 de 8 da Fase 5,nenhum capítulo acessado na Fase 5,7 dias sem acesso | parado no capítulo 0 de 8 da Fase 5 | nenhum capítulo acessado na Fase 5,Acompanhamento padrão; lembrete de conclusão do questionário pendente
Aluno 0109,2026-08-23,0.0103,Baixo,Ativo (28d),5,18,0.0,0.0,993.0,0.0,10.0,0.0,8.0,1.0,469.0,8.0,9.0,9.0,4.0,6.0,0.043,0.004,3085,127,28,2026-02-08,2026-08-05,18 dias sem acesso,queda de 100% nos acessos da semana vs. média do mês,nenhum acesso nas últimas 2 semanas,18 dias sem acesso | queda de 100% nos acessos da semana vs. média do mês | nenhum acesso nas últimas 2 semanas,Acompanhamento padrão (sem ação imediata)
Aluno 0031,2026-08-23,0.0093,Baixo,Ativo (28d),5,2,3.0,3.0,344.0,2.0,5.0,0.034,1.0,0.125,169.0,1.0,0.0,0.0,0.0,5.0,0.599,0.0,3006,63,27,2026-02-09,2026-08-21,queda de 97% nos acessos da semana vs. média do mês,parado no capítulo 1 de 8 da Fase 5,nenhum questionário no último mês,queda de 97% nos acessos da semana vs. média do mês | parado no capítulo 1 de 8 da Fase 5 | nenhum questionário no último mês,Acompanhamento padrão; lembrete de conclusão do questionário pendente
Aluno 0019,2026-08-23,0.0079,Baixo,Ativo (28d),5,6,20.0,32.0,231.0,1.0,10.0,0.34,8.0,1.0,155.0,48.0,2.0,0.0,0.0,8.0,0.009,0.017,2093,86,27,2026-02-09,2026-08-17,queda de 65% nos acessos da semana vs. média do mês,2 questionário(s) iniciado(s) sem entrega,,queda de 65% nos acessos da semana vs. média do mês | 2 questionário(s) iniciado(s) sem entrega,Acompanhamento padrão; lembrete de conclusão do questionário pendente
Aluno 0005,2026-08-23,0.0072,Baixo,Ativo (28d),5,1,17.0,28.0,40.0,2.0,10.0,1.545,0.0,0.0,2.0,1.0,1.0,0.0,0.0,8.0,0.525,0.35,1062,83,27,2026-02-11,2026-08-22,parado no capítulo 0 de 8 da Fase 5,nenhum capítulo acessado na Fase 5,1 questionário(s) iniciado(s) sem entrega,parado no capítulo 0 de 8 da Fase 5 | nenhum capítulo acessado na Fase 5 | 1 questionário(s) iniciado(s) sem entrega,Acompanhamento padrão; lembrete de conclusão do questionário pendente
Aluno 0116,2026-08-23,0.0065,Baixo,Ativo (28d),5,2,229.0,229.0,736.0,2.0,7.0,1.238,5.0,0.625,360.0,14.0,4.0,3.0,0.0,6.0,0.031,0.0,2049,86,28,2026-02-08,2026-08-21,no capítulo 5 de 8 da Fase 5,1 questionário(s) iniciado(s) sem entrega,,no capítulo 5 de 8 da Fase 5 | 1 questionário(s) iniciado(s) sem entrega,Acompanhamento padrão; lembrete de conclusão do questionário pendente
Aluno 0035,2026-08-23,0.0064,Baixo,Ativo (28d),5,1,596.0,624.0,704.0,4.0,13.0,3.367,8.0,1.0,325.0,8.0,7.0,7.0,0.0,6.0,0.251,0.126,3159,110,28,2026-02-08,2026-08-22,sem sinais de alerta: acesso regular e progressão em dia,,,sem sinais de alerta: acesso regular e progressão em dia,Acompanhamento padrão (sem ação imediata)
Aluno 0073,2026-08-23,0.0064,Baixo,Ativo (28d),5,0,6.0,6.0,13.0,2.0,7.0,1.412,1.0,0.125,2.0,2.0,0.0,0.0,0.0,6.0,0.385,0.308,3247,81,27,2026-02-09,2026-08-23,parado no capítulo 1 de 8 da Fase 5,nenhum questionário no último mês,,parado no capítulo 1 de 8 da Fase 5 | nenhum questionário no último mês,Acompanhamento padrão; lembrete de conclusão do questionário pendente
Aluno 0062,2026-08-23,0.0062,Baixo,Ativo (28d),5,5,2.0,4.0,4.0,1.0,3.0,1.0,0.0,0.0,0.0,0.0,0.0,0.0,0.0,4.0,0.25,0.0,3510,65,27,2026-02-10,2026-08-18,parado no capítulo 0 de 8 da Fase 5,nenhum capítulo acessado na Fase 5,acessou mas não avançou em nenhum conteúdo no mês,parado no capítulo 0 de 8 da Fase 5 | nenhum capítulo acessado na Fase 5 | acessou mas não avançou em nenhum conteúdo no mês,Acompanhamento padrão; lembrete de conclusão do questionário pendente
Aluno 0143,2026-08-23,0.0062,Baixo,Ativo (28d),5,5,408.0,745.0,881.0,2.0,10.0,1.844,8.0,1.0,413.0,8.0,10.0,10.0,6.0,5.0,0.85,0.0,2206,77,28,2026-02-08,2026-08-18,ativo em 5 das últimas 8 semanas,,,ativo em 5 das últimas 8 semanas,Acompanhamento padrão (sem ação imediata)
Aluno 0056,2026-08-23,0.0061,Baixo,Ativo (28d),5,0,450.0,1335.0,2078.0,4.0,15.0,0.865,8.0,1.0,943.0,9.0,7.0,3.0,0.0,7.0,0.684,0.137,4542,111,27,2026-02-09,2026-08-23,4 questionário(s) iniciado(s) sem entrega,,,4 questionário(s) iniciado(s) sem entrega,Acompanhamento padrão; lembrete de conclusão do questionário pendente
Aluno 0081,2026-08-23,0.006,Baixo,Ativo (28d),5,2,5.0,50.0,238.0,3.0,7.0,0.083,7.0,0.875,207.0,4.0,1.0,1.0,0.0,5.0,0.643,0.0,4014,90,27,2026-02-09,2026-08-21,queda de 92% nos acessos da semana vs. média do mês,ativo em 5 das últimas 8 semanas,,queda de 92% nos acessos da semana vs. média do mês | ativo em 5 das últimas 8 semanas,Acompanhamento padrão (sem ação imediata)
Aluno 0080,2026-08-23,0.0057,Baixo,Ativo (28d),5,11,0.0,1.0,6.0,0.0,3.0,0.0,0.0,0.0,0.0,0.0,0.0,0.0,0.0,6.0,0.667,0.0,5119,112,28,2026-02-08,2026-08-12,11 dias sem acesso,parado no capítulo 0 de 8 da Fase 5,nenhum capítulo acessado na Fase 5,11 dias sem acesso | parado no capítulo 0 de 8 da Fase 5 | nenhum capítulo acessado na Fase 5,Acompanhamento padrão; lembrete de conclusão do questionário pendente
Aluno 0051,2026-08-23,0.0057,Baixo,Ativo (28d),5,0,1409.0,1409.0,5326.0,5.0,12.0,1.057,2.0,0.25,2658.0,2.0,1.0,0.0,0.0,5.0,0.283,0.215,40797,131,28,2026-02-08,2026-08-23,parado no capítulo 2 de 8 da Fase 5,1 questionário(s) iniciado(s) sem entrega,ativo em 5 das últimas 8 semanas,parado no capítulo 2 de 8 da Fase 5 | 1 questionário(s) iniciado(s) sem entrega | ativo em 5 das últimas 8 semanas,Acompanhamento padrão; lembrete de conclusão do questionário pendente
Aluno 0085,2026-08-23,0.0054,Baixo,Ativo (28d),5,0,5087.0,5110.0,5149.0,5.0,13.0,3.949,4.0,0.5,2552.0,3.0,3.0,0.0,7.0,8.0,0.237,0.412,12499,103,27,2026-02-09,2026-08-23,no capítulo 4 de 8 da Fase 5,3 questionário(s) iniciado(s) sem entrega,,no capítulo 4 de 8 da Fase 5 | 3 questionário(s) iniciado(s) sem entrega,Acompanhamento padrão; lembrete de conclusão do questionário pendente
Aluno 0111,2026-08-23,0.0044,Baixo,Ativo (28d),5,5,123.0,243.0,445.0,2.0,8.0,1.096,6.0,0.75,207.0,6.0,6.0,5.0,0.0,5.0,0.993,0.0,2085,73,27,2026-02-09,2026-08-18,no capítulo 6 de 8 da Fase 5,1 questionário(s) iniciado(s) sem entrega,ativo em 5 das últimas 8 semanas,no capítulo 6 de 8 da Fase 5 | 1 questionário(s) iniciado(s) sem entrega | ativo em 5 das últimas 8 semanas,Acompanhamento padrão; lembrete de conclusão do questionário pendente
Aluno 0023,2026-08-23,0.0044,Baixo,Ativo (28d),5,1,11.0,224.0,696.0,4.0,10.0,0.063,6.0,0.75,339.0,3.0,2.0,2.0,0.0,8.0,0.22,0.001,3806,77,24,2026-03-05,2026-08-22,queda de 94% nos acessos da semana vs. média do mês,no capítulo 6 de 8 da Fase 5,,queda de 94% nos acessos da semana vs. média do mês | no capítulo 6 de 8 da Fase 5,Acompanhamento padrão (sem ação imediata)
Aluno 0150,2026-08-23,0.0041,Baixo,Ativo (28d),5,2,361.0,365.0,1116.0,4.0,16.0,1.289,2.0,0.25,545.0,3.0,1.0,1.0,0.0,8.0,0.085,0.001,10775,116,27,2026-02-09,2026-08-21,parado no capítulo 2 de 8 da Fase 5,,,parado no capítulo 2 de 8 da Fase 5,Acompanhamento padrão (sem ação imediata)
Aluno 0055,2026-08-23,0.004,Baixo,Ativo (28d),5,0,456.0,887.0,986.0,4.0,11.0,1.842,5.0,0.625,466.0,12.0,5.0,1.0,0.0,6.0,0.386,0.18,3723,66,27,2026-02-09,2026-08-23,no capítulo 5 de 8 da Fase 5,4 questionário(s) iniciado(s) sem entrega,,no capítulo 5 de 8 da Fase 5 | 4 questionário(s) iniciado(s) sem entrega,Acompanhamento padrão; lembrete de conclusão do questionário pendente
Aluno 0127,2026-08-23,0.0034,Baixo,Ativo (28d),5,0,1083.0,2400.0,2586.0,6.0,21.0,1.673,7.0,0.875,1315.0,10.0,6.0,1.0,0.0,7.0,0.543,0.306,9322,113,27,2026-02-09,2026-08-23,5 questionário(s) iniciado(s) sem entrega,,,5 questionário(s) iniciado(s) sem entrega,Acompanhamento padrão; lembrete de conclusão do questionário pendente
Aluno 0122,2026-08-23,0.003,Baixo,Ativo (28d),5,1,982.0,3665.0,6465.0,5.0,23.0,0.607,6.0,0.75,3235.0,6.0,7.0,6.0,7.0,8.0,0.166,0.066,27669,127,27,2026-02-09,2026-08-22,queda de 39% nos acessos da semana vs. média do mês,no capítulo 6 de 8 da Fase 5,1 questionário(s) iniciado(s) sem entrega,queda de 39% nos acessos da semana vs. média do mês | no capítulo 6 de 8 da Fase 5 | 1 questionário(s) iniciado(s) sem entrega,Acompanhamento padrão; lembrete de conclusão do questionário pendente
Aluno 0026,2026-08-23,0.0028,Baixo,Ativo (28d),5,0,9.0,21.0,25.0,5.0,11.0,1.241,1.0,0.125,1.0,1.0,0.0,0.0,0.0,8.0,0.28,0.2,1579,96,27,2026-02-09,2026-08-23,parado no capítulo 1 de 8 da Fase 5,nenhum questionário no último mês,,parado no capítulo 1 de 8 da Fase 5 | nenhum questionário no último mês,Acompanhamento padrão; lembrete de conclusão do questionário pendente
Aluno 0093,2026-08-23,0.0027,Baixo,Ativo (28d),5,0,931.0,998.0,1367.0,6.0,19.0,2.716,8.0,1.0,655.0,8.0,2.0,1.0,0.0,8.0,0.222,0.031,11096,165,28,2026-02-08,2026-08-23,1 questionário(s) iniciado(s) sem entrega,,,1 questionário(s) iniciado(s) sem entrega,Acompanhamento padrão; lembrete de conclusão do questionário pendente
Aluno 0070,2026-08-23,0.0026,Baixo,Ativo (28d),5,2,4.0,8.0,12.0,3.0,10.0,1.0,0.0,0.0,0.0,0.0,0.0,0.0,0.0,8.0,0.0,0.0,2710,107,26,2026-02-17,2026-08-21,parado no capítulo 0 de 8 da Fase 5,nenhum capítulo acessado na Fase 5,acessou mas não avançou em nenhum conteúdo no mês,parado no capítulo 0 de 8 da Fase 5 | nenhum capítulo acessado na Fase 5 | acessou mas não avançou em nenhum conteúdo no mês,Acompanhamento padrão; lembrete de conclusão do questionário pendente
Aluno 0126,2026-08-23,0.0024,Baixo,Ativo (28d),5,0,16399.0,23903.0,36911.0,7.0,21.0,1.777,3.0,0.375,18454.0,4.0,2.0,0.0,0.0,7.0,0.215,0.179,74784,134,27,2026-02-10,2026-08-23,parado no capítulo 3 de 8 da Fase 5,2 questionário(s) iniciado(s) sem entrega,,parado no capítulo 3 de 8 da Fase 5 | 2 questionário(s) iniciado(s) sem entrega,Acompanhamento padrão; lembrete de conclusão do questionário pendente
Aluno 0017,2026-08-23,0.0023,Baixo,Ativo (28d),5,3,734.0,1520.0,5420.0,4.0,19.0,0.541,0.0,0.0,2701.0,14.0,0.0,0.0,0.0,8.0,0.348,0.025,21153,102,27,2026-02-09,2026-08-20,parado no capítulo 0 de 8 da Fase 5,nenhum capítulo acessado na Fase 5,queda de 46% nos acessos da semana vs. média do mês,parado no capítulo 0 de 8 da Fase 5 | nenhum capítulo acessado na Fase 5 | queda de 46% nos acessos da semana vs. média do mês,Acompanhamento padrão; lembrete de conclusão do questionário pendente
Aluno 0065,2026-08-23,0.0019,Baixo,Ativo (28d),5,0,1134.0,1134.0,1737.0,7.0,17.0,2.605,1.0,0.125,866.0,5.0,0.0,0.0,0.0,4.0,0.484,0.154,7086,62,27,2026-02-09,2026-08-23,parado no capítulo 1 de 8 da Fase 5,nenhum questionário no último mês,ativo em 4 das últimas 8 semanas,parado no capítulo 1 de 8 da Fase 5 | nenhum questionário no último mês | ativo em 4 das últimas 8 semanas,Acompanhamento padrão; lembrete de conclusão do questionário pendente
Aluno 0123,2026-08-23,0.0019,Baixo,Ativo (28d),5,0,244.0,450.0,2394.0,4.0,24.0,0.407,7.0,0.875,1177.0,12.0,6.0,1.0,0.0,8.0,0.015,0.216,13358,172,27,2026-02-09,2026-08-23,queda de 59% nos acessos da semana vs. média do mês,5 questionário(s) iniciado(s) sem entrega,,queda de 59% nos acessos da semana vs. média do mês | 5 questionário(s) iniciado(s) sem entrega,Acompanhamento padrão; lembrete de conclusão do questionário pendente
Aluno 0128,2026-08-23,0.0019,Baixo,Ativo (28d),5,0,385.0,1145.0,1394.0,6.0,19.0,1.102,7.0,0.875,681.0,9.0,6.0,2.0,0.0,5.0,0.567,0.093,10563,114,27,2026-02-09,2026-08-23,4 questionário(s) iniciado(s) sem entrega,ativo em 5 das últimas 8 semanas,,4 questionário(s) iniciado(s) sem entrega | ativo em 5 das últimas 8 semanas,Acompanhamento padrão; lembrete de conclusão do questionário pendente
Aluno 0057,2026-08-23,0.0018,Baixo,Ativo (28d),5,4,3.0,5.0,11.0,3.0,10.0,0.8,0.0,0.0,0.0,0.0,0.0,0.0,0.0,6.0,0.636,0.0,2176,88,27,2026-02-09,2026-08-19,parado no capítulo 0 de 8 da Fase 5,nenhum capítulo acessado na Fase 5,acessou mas não avançou em nenhum conteúdo no mês,parado no capítulo 0 de 8 da Fase 5 | nenhum capítulo acessado na Fase 5 | acessou mas não avançou em nenhum conteúdo no mês,Acompanhamento padrão; lembrete de conclusão do questionário pendente
Aluno 0090,2026-08-23,0.0011,Baixo,Ativo (28d),5,1,2875.0,3319.0,3814.0,6.0,19.0,3.012,8.0,1.0,1885.0,14.0,4.0,1.0,0.0,6.0,0.4,0.066,7180,101,27,2026-02-09,2026-08-22,3 questionário(s) iniciado(s) sem entrega,,,3 questionário(s) iniciado(s) sem entrega,Acompanhamento padrão; lembrete de conclusão do questionário pendente
Aluno 0014,2026-08-23,0.0009,Baixo,Ativo (28d),5,0,61.0,240.0,244.0,5.0,9.0,0.984,0.0,0.0,134.0,43.0,1.0,1.0,0.0,8.0,0.008,0.738,1966,52,27,2026-02-10,2026-08-23,parado no capítulo 0 de 8 da Fase 5,nenhum capítulo acessado na Fase 5,,parado no capítulo 0 de 8 da Fase 5 | nenhum capítulo acessado na Fase 5,Acompanhamento padrão (sem ação imediata)
Aluno 0144,2026-08-23,0.0007,Baixo,Ativo (28d),5,0,611.0,739.0,1561.0,5.0,15.0,1.562,4.0,0.5,827.0,12.0,5.0,3.0,0.0,5.0,0.864,0.181,6572,94,28,2026-02-08,2026-08-23,no capítulo 4 de 8 da Fase 5,2 questionário(s) iniciado(s) sem entrega,ativo em 5 das últimas 8 semanas,no capítulo 4 de 8 da Fase 5 | 2 questionário(s) iniciado(s) sem entrega | ativo em 5 das últimas 8 semanas,Acompanhamento padrão; lembrete de conclusão do questionário pendente
